name	sequence length	signal peptide	transmembrane domain	Phob signal peptide	Phob transmembrane domain	MobiDB-lite	ASN_GLYCOSYLATION	PKC_PHOSPHO_SITE	CK2_PHOSPHO_SITE	CAMP_PHOSPHO_SITE	AMIDATION	TYR_PHOSPHO_SITE_1	MYRISTYL	RIBOSOMAL_L11	RIBONUCLEASE_P	NLS_BP_L=0	RIBOSOMAL_L14	RIBOSOMAL_L21	RIBOSOMAL_S19	RIBOSOMAL_S10	RIBOSOMAL_S18	TYR_PHOSPHO_SITE_2	RIBOSOMAL_L35	RIBOSOMAL_L27	SSB_L=0	THIOREDOXIN_1	THIOREDOXIN_2_L=0	HIT_1	HIT_2_L=0	PHE_RICH_L=0	ARSC_L=0	ILE_RICH_L=0	MICROBODIES_CTER	SSRP	LYS_RICH_L=0	SHSP_L=0	RIBOSOMAL_L16_1	RIBOSOMAL_L16_2	RIBOSOMAL_S13_2_L=0	THR_RICH_L=0	RIBOSOMAL_S9	RIBOSOMAL_S11	G_TR_2_L=0	RIBOSOMAL_S8	DHFR_2_L=0	ATP_GTP_A	HELICASE_ATP_BIND_1_L=0	RGD	RBFA	PS00029_LEUCINE_ZIPPER	AA_TRNA_LIGASE_I	ZINC_PROTEASE	CSD_2_L=0	PHOSPHOPANTETHEINE	CARRIER_L=0	RIBOSOMAL_S15	HTH_CROC1_L=0	ABC_TRANSPORTER_1	RIBOSOMAL_S21	RIBOSOMAL_L15
B3QZV1	148	False	False	False	False	False	True	True	True	False	False	False	False	False	False	False	False	False	False	False	False	False	False	False	False	False	False	False	False	False	False	False	False	False	False	False	False	False	False	False	False	False	False	False	False	False	False	False	False	False	False	False	False	False	False	False	False	False	False	False
B3QZU4	117	False	False	False	False	False	False	True	True	True	False	False	False	False	False	False	False	False	False	False	False	False	False	False	False	False	False	False	False	False	False	False	False	False	False	False	False	False	False	False	False	False	False	False	False	False	False	False	False	False	False	False	False	False	False	False	False	False	False	False
B3R002	115	False	False	False	False	False	False	True	True	False	True	False	False	False	False	False	False	False	False	False	False	False	False	False	False	False	False	False	False	False	False	False	False	False	False	False	False	False	False	False	False	False	False	False	False	False	False	False	False	False	False	False	False	False	False	False	False	False	False	False
B3QZG6	141	False	False	False	False	False	False	True	False	False	False	True	True	True	False	False	False	False	False	False	False	False	False	False	False	False	False	False	False	False	False	False	False	False	False	False	False	False	False	False	False	False	False	False	False	False	False	False	False	False	False	False	False	False	False	False	False	False	False	False
B3QZF9	112	False	False	False	True	False	True	False	False	False	True	False	False	False	True	True	False	False	True	False	False	False	False	False	True	False	False	False	False	False	False	False	False	False	False	False	False	False	False	False	False	False	False	False	False	False	False	False	False	False	False	False	False	False	False	False	False	False	True	True
B3R001	122	False	False	False	False	False	False	True	False	True	False	False	True	False	False	False	True	False	False	False	False	False	False	False	False	False	False	False	False	False	False	False	False	False	False	False	False	False	False	False	False	False	False	False	False	False	False	False	False	False	False	False	False	False	False	False	False	False	False	False
B3QZT4	102	False	False	False	False	False	True	True	True	False	False	False	True	False	False	True	False	True	True	False	False	False	False	False	True	False	False	False	False	False	False	False	False	False	False	False	False	False	False	False	False	False	False	False	False	False	False	False	False	False	False	False	False	False	False	False	False	False	True	True
B3QZZ5	93	False	False	False	False	True	False	True	False	True	False	False	True	False	False	False	False	False	False	True	False	False	False	False	False	False	False	False	False	False	False	False	False	False	False	False	False	False	False	False	False	False	False	False	False	False	False	False	False	False	False	False	False	False	False	False	False	False	False	False
B3R0F6	87	False	False	False	False	True	True	True	False	False	False	False	False	False	False	False	False	False	False	False	False	False	False	False	False	False	False	False	False	False	False	False	False	False	False	False	False	False	False	False	False	False	False	False	False	False	False	False	False	False	False	False	False	False	False	False	False	False	False	False
B3QZZ0	104	False	False	False	False	False	False	True	True	False	False	False	False	False	False	False	False	False	False	False	True	False	False	False	False	False	False	False	False	False	False	False	False	False	False	False	False	False	False	False	False	False	False	False	False	False	False	False	False	False	False	False	False	False	False	False	False	False	False	False
B3R0K1	78	False	False	False	False	False	False	False	True	True	False	False	False	False	False	False	False	False	False	False	False	True	False	False	False	False	False	False	False	False	False	False	False	False	False	False	False	False	False	False	False	False	False	False	False	False	False	False	False	False	False	False	False	False	False	False	False	False	False	False
B3QZZ3	94	False	False	False	False	False	False	True	False	False	False	False	False	False	False	False	False	False	False	False	False	False	False	False	False	False	False	False	False	False	False	False	False	False	False	False	False	False	False	False	False	False	False	False	False	False	False	False	False	False	False	False	False	False	False	False	False	False	False	False
B3QZG9	127	False	False	False	False	False	False	True	True	False	False	False	True	False	False	False	False	False	False	False	False	False	False	False	False	False	False	False	False	False	False	False	False	False	False	False	False	False	False	False	False	False	False	False	False	False	False	False	False	False	False	False	False	False	False	False	False	False	False	False
B3QZY1	139	False	True	False	True	False	True	True	True	False	False	False	True	False	False	False	False	False	False	False	False	False	False	False	False	False	False	False	False	False	False	False	False	False	False	False	False	False	False	False	False	False	False	False	False	False	False	False	False	False	False	False	False	False	False	False	False	False	False	False
B3R0K3	94	False	False	False	False	False	False	False	False	False	False	False	False	False	False	False	False	False	False	False	False	False	False	False	False	False	False	False	False	False	False	False	False	False	False	False	False	False	False	False	False	False	False	False	False	False	False	False	False	False	False	False	False	False	False	False	False	False	False	False
B3QZP7	145	False	False	False	False	False	False	True	True	False	False	False	True	False	False	False	False	False	False	False	False	False	False	False	False	False	False	False	False	False	False	False	False	False	False	False	False	False	False	False	False	False	False	False	False	False	False	False	False	False	False	False	False	False	False	False	False	False	False	False
B3QZY2	145	False	False	False	False	False	True	True	True	False	True	False	True	False	False	False	False	False	False	False	False	False	False	False	False	False	False	False	False	False	False	False	False	False	False	False	False	False	False	False	False	False	False	False	False	False	False	False	False	False	False	False	False	False	False	False	False	False	False	False
B3R0K7	87	False	False	False	False	False	True	True	True	False	False	True	True	False	False	False	False	False	False	False	False	False	True	False	False	False	False	False	False	False	False	False	False	False	False	False	False	False	False	False	False	False	False	False	False	False	False	False	False	False	False	False	False	False	False	False	False	False	False	False
B3R0P5	65	True	False	False	False	False	False	True	False	True	False	False	False	False	False	False	False	False	False	False	False	False	False	True	False	False	False	False	False	False	False	False	False	False	False	False	False	False	False	False	False	False	False	False	False	False	False	False	False	False	False	False	False	False	False	False	False	False	False	False
B3QZV0	55	False	False	False	False	False	False	True	True	False	False	False	True	False	False	True	False	False	True	False	False	False	False	False	True	False	False	False	False	False	False	False	False	False	False	False	False	False	False	False	False	False	False	False	False	False	False	False	False	False	False	False	False	False	False	False	False	False	True	True
B3QZT2	96	False	False	False	False	False	False	True	True	False	False	False	True	False	False	False	False	False	False	False	False	False	False	False	False	True	False	False	False	False	False	False	False	False	False	False	False	False	False	False	False	False	False	False	False	False	False	False	False	False	False	False	False	False	False	False	False	False	False	False
B3R0P0	81	False	False	False	False	False	False	True	False	False	False	False	True	False	False	False	False	False	False	False	False	False	False	False	False	False	False	False	False	False	False	False	False	False	False	False	False	False	False	False	False	False	False	False	False	False	False	False	False	False	False	False	False	False	False	False	False	False	False	False
B3QZS8	62	False	False	False	False	False	False	True	False	False	False	False	True	False	False	False	False	False	False	False	False	False	False	False	False	False	False	False	False	False	False	False	False	False	False	False	False	False	False	False	False	False	False	False	False	False	False	False	False	False	False	False	False	False	False	False	False	False	False	False
B3R0K2	138	False	False	False	False	False	True	True	True	False	False	False	True	False	False	False	False	False	False	False	False	False	False	False	False	False	True	True	False	False	False	False	False	False	False	False	False	False	False	False	False	False	False	False	False	False	True	False	False	False	False	False	False	False	False	False	False	False	False	False
B3R009	61	False	False	False	False	False	True	False	False	False	False	False	False	False	False	False	False	False	False	False	False	False	False	False	False	False	False	False	False	False	False	False	False	False	False	False	False	False	False	False	False	False	False	False	False	False	False	False	False	False	False	False	False	False	False	False	False	False	False	False
B3QZR9	71	False	False	False	False	False	False	True	False	False	False	False	False	False	False	False	False	False	False	False	False	False	False	False	False	False	False	False	False	False	False	False	False	False	False	False	False	False	False	False	False	False	False	False	False	False	False	False	False	False	False	False	False	False	False	False	False	False	False	False
B3QZH8	102	False	False	False	False	False	True	True	True	True	True	False	True	False	False	False	False	False	False	False	False	False	False	False	False	False	True	True	False	False	False	False	False	False	False	False	False	False	False	False	False	False	False	False	False	False	True	False	False	False	False	False	False	False	False	False	False	False	False	False
B3QZG4	130	False	True	False	True	False	False	False	True	False	False	False	False	False	False	False	False	False	False	False	False	False	False	False	False	False	False	False	False	False	False	False	False	False	False	False	False	False	False	False	False	False	False	False	False	False	False	False	False	False	False	False	False	False	False	False	False	False	False	False
B3R085	149	False	False	False	False	False	True	True	True	False	False	True	False	False	False	False	False	False	False	False	False	False	False	False	False	False	False	False	False	False	False	False	False	False	False	False	False	False	False	False	False	False	False	False	False	False	False	False	False	False	False	False	False	False	False	False	False	False	False	False
B3QZL6	58	False	False	False	False	False	True	True	True	False	False	False	False	False	False	False	False	False	False	False	False	False	False	False	False	False	False	False	False	False	False	False	False	False	False	False	False	False	False	False	False	False	False	False	False	False	False	False	False	False	False	False	False	False	False	False	False	False	False	False
B3R067	94	False	False	False	False	False	False	True	True	False	False	False	False	False	False	False	False	False	False	False	False	False	False	False	False	False	False	False	False	False	False	False	False	False	False	False	False	False	False	False	False	False	False	False	False	False	False	False	False	False	False	False	False	False	False	False	False	False	False	False
B3R045	64	False	True	False	True	False	True	True	False	False	False	False	False	False	False	False	False	False	False	False	False	False	False	False	False	False	False	False	False	False	False	False	False	False	False	False	False	False	False	False	False	False	False	False	False	False	False	False	False	False	False	False	False	False	False	False	False	False	False	False
B3R024	62	False	False	False	False	False	True	False	True	False	False	False	False	False	False	False	False	False	False	False	False	False	False	False	False	False	False	False	False	False	False	False	False	False	False	False	False	False	False	False	False	False	False	False	False	False	False	False	False	False	False	False	False	False	False	False	False	False	False	False
B3R0H2	90	False	True	False	True	False	False	False	False	False	False	True	False	False	False	False	False	False	False	False	False	False	True	False	False	False	False	False	False	False	False	False	False	False	False	False	False	False	False	False	False	False	False	False	False	False	False	False	False	False	False	False	False	False	False	False	False	False	False	False
B3QZP2	65	False	True	False	True	False	False	True	True	False	False	False	True	False	False	False	False	False	False	False	False	False	False	False	False	False	False	False	False	False	False	False	False	False	False	False	False	False	False	False	False	False	False	False	False	False	False	False	False	False	False	False	False	False	False	False	False	False	False	False
B3QZT7	108	True	True	True	False	False	True	True	False	True	False	False	False	False	False	False	False	False	False	False	False	False	False	False	False	False	False	False	False	False	False	False	False	False	False	False	False	False	False	False	False	False	False	False	False	False	False	False	False	False	False	False	False	False	False	False	False	False	False	False
B3QZH9	126	False	False	False	False	False	False	True	True	False	False	False	True	False	False	False	False	False	False	False	False	False	False	False	False	False	False	False	False	False	False	False	False	False	False	False	False	False	False	False	False	False	False	False	False	False	False	False	False	False	False	False	False	False	False	False	False	False	False	False
B3QZX5	99	False	False	False	False	False	False	False	True	False	False	False	False	False	False	False	False	False	False	False	False	False	False	False	False	False	False	False	True	True	False	False	False	False	False	False	False	False	False	False	False	False	False	False	False	False	False	False	False	False	False	False	False	False	False	False	False	False	False	False
B3R0C1	143	True	True	False	True	False	True	True	True	True	False	False	True	False	False	False	False	False	False	False	False	False	False	False	False	False	False	False	False	False	False	False	False	False	False	False	False	False	False	False	False	False	False	False	False	False	False	False	False	False	False	False	False	False	False	False	False	False	False	False
B3R0F4	139	False	False	False	False	False	True	True	True	False	False	False	True	False	False	False	False	False	False	False	False	False	False	False	False	False	False	False	False	False	True	True	False	False	False	False	False	False	False	False	True	True	False	False	False	False	False	False	False	False	False	False	False	False	False	False	False	False	False	False
B3QZL7	149	False	False	False	False	False	False	True	False	False	False	False	False	False	False	False	False	False	False	False	False	False	False	False	False	False	False	False	False	False	False	False	False	False	False	False	False	False	False	False	False	False	False	False	False	False	False	False	False	False	False	False	False	False	False	False	False	False	False	False
B3QZL5	122	False	False	False	False	False	True	False	True	False	False	False	True	False	False	False	False	False	False	False	False	False	False	False	False	False	False	False	False	False	False	False	False	False	False	False	False	False	False	False	False	False	False	False	False	False	False	False	False	False	False	False	False	False	False	False	False	False	False	False
B3QZR4	88	False	False	False	False	False	False	True	True	False	False	False	True	False	False	False	False	False	False	False	False	False	False	False	False	False	False	False	False	False	False	False	False	False	False	False	False	False	False	False	False	False	False	False	False	False	False	False	False	False	False	False	False	False	False	False	False	False	False	False
B3QZI0	68	False	True	False	True	False	False	False	False	False	False	False	False	False	False	False	False	False	False	False	False	False	False	False	False	False	False	False	False	False	False	False	False	False	False	False	False	False	False	False	False	False	False	False	False	False	False	False	False	False	False	False	False	False	False	False	False	False	False	False
B3R084	141	False	True	False	True	False	False	True	True	False	False	False	False	False	False	False	False	False	False	False	False	False	False	False	False	False	False	False	False	False	False	False	True	False	False	False	False	False	False	False	False	False	False	False	False	False	False	False	False	False	False	False	False	False	False	False	False	False	False	False
B3R080	63	False	False	False	False	False	False	True	False	False	True	False	False	False	False	False	False	False	False	False	False	False	False	False	False	False	False	False	False	False	False	False	False	False	False	False	False	False	False	False	False	False	False	False	False	False	False	False	False	False	False	False	False	False	False	False	False	False	False	False
B3QZR8	107	False	False	True	False	False	True	True	True	True	False	False	True	False	False	False	False	False	False	False	False	False	False	False	False	False	False	False	False	False	False	False	False	False	False	False	False	False	False	False	False	False	False	False	False	False	False	False	False	False	False	False	False	False	False	False	False	False	False	False
B3QZR1	64	False	False	True	False	False	True	True	True	False	False	False	False	False	False	False	False	False	False	False	False	False	False	False	False	False	False	False	False	False	False	False	False	False	False	False	False	False	False	False	False	False	False	False	False	False	False	False	False	False	False	False	False	False	False	False	False	False	False	False
B3R0N3	91	False	False	False	False	True	True	True	False	False	False	False	False	False	False	False	False	False	False	False	False	False	False	False	False	False	False	False	False	False	False	False	False	False	False	False	False	False	False	False	False	False	False	False	False	False	False	False	False	False	False	False	False	False	False	False	False	False	False	False
B3R0B4	55	False	False	False	False	False	True	True	False	True	False	False	False	False	False	False	False	False	False	False	False	False	False	False	False	False	False	False	False	False	False	False	False	False	False	False	False	False	False	False	False	False	False	False	False	False	False	False	False	False	False	False	False	False	False	False	False	False	False	False
B3QZP0	140	False	False	False	False	False	True	True	True	False	False	False	False	False	False	False	False	False	False	False	False	False	False	False	False	False	False	False	False	False	False	False	False	False	False	False	False	False	False	False	False	False	False	False	False	False	False	False	False	False	False	False	False	False	False	False	False	False	False	False
B3R004	89	False	False	False	False	False	False	False	False	True	False	False	True	False	False	False	False	False	False	False	False	False	False	False	False	False	False	False	False	False	False	False	False	False	False	False	False	False	False	False	False	False	False	False	False	False	False	False	False	False	False	False	False	False	False	False	False	False	False	False
B3QZM7	99	False	False	False	False	False	False	True	False	False	False	True	True	False	False	False	False	False	False	False	False	False	False	False	False	False	False	False	False	False	False	False	False	False	False	False	False	False	False	False	False	False	False	False	False	False	False	False	False	False	False	False	False	False	False	False	False	False	False	False
B3QZU9	79	False	True	False	True	False	False	True	True	False	False	False	False	False	False	False	False	False	False	False	False	False	False	False	False	False	False	False	False	False	False	False	False	False	False	False	False	False	False	False	False	False	False	False	False	False	False	False	False	False	False	False	False	False	False	False	False	False	False	False
B3R081	60	False	True	False	True	False	False	False	True	False	False	False	True	False	False	False	False	False	False	False	False	False	False	False	False	False	False	False	False	False	False	False	False	False	False	False	False	False	False	False	False	False	False	False	False	False	False	False	False	False	False	False	False	False	False	False	False	False	False	False
B3QZT3	105	False	False	False	False	False	False	False	True	False	False	False	True	False	False	False	False	False	False	False	False	False	False	False	False	False	False	False	False	False	False	False	False	False	False	False	False	False	False	False	False	False	False	False	False	False	False	False	False	False	False	False	False	False	False	False	False	False	False	False
B3QZK2	146	False	False	False	False	False	False	True	True	False	False	False	False	False	False	False	False	False	False	False	False	False	False	False	False	False	False	False	False	False	False	False	False	True	False	False	False	False	False	False	False	False	False	False	False	False	False	False	False	False	False	False	False	False	False	False	False	False	False	False
B3QZI9	102	False	False	False	False	False	True	False	True	False	False	False	True	False	False	False	False	False	False	False	False	False	False	False	False	False	False	False	False	False	False	False	False	False	False	False	False	False	False	False	False	False	False	False	False	False	False	False	False	False	False	False	False	False	False	False	False	False	False	False
B3QZI1	131	False	True	False	True	False	False	False	True	False	False	False	False	False	False	False	False	False	False	False	False	False	False	False	False	False	False	False	False	False	False	False	False	False	True	False	False	False	False	False	False	False	False	False	False	False	False	False	False	False	False	False	False	False	False	False	False	False	False	False
B3R052	142	False	False	False	False	False	True	True	True	True	False	False	False	False	False	False	False	False	False	False	False	False	False	False	False	False	False	False	False	False	False	False	False	False	False	True	False	False	False	False	False	False	False	False	False	False	False	False	False	False	False	False	False	False	False	False	False	False	False	False
A0A0M1N0A2	150	False	False	False	False	False	True	False	True	False	False	False	True	False	False	False	False	False	False	False	False	False	False	False	False	False	False	False	False	False	False	False	False	False	False	False	False	False	False	False	False	False	False	False	False	False	False	False	False	False	False	False	False	False	False	False	False	False	False	False
A0A851HJN4	150	True	True	False	True	True	True	True	True	False	False	False	False	False	False	False	False	False	False	False	False	False	False	False	False	False	False	False	False	False	False	False	False	False	False	False	False	False	False	False	False	False	False	False	False	False	False	False	False	False	False	False	False	False	False	False	False	False	False	False
A0A851HKT0	150	False	False	False	False	False	True	True	False	True	True	False	False	False	False	False	False	False	False	False	False	False	True	False	False	False	False	False	False	False	False	False	False	False	False	False	True	True	True	False	False	False	False	False	False	False	False	False	False	False	False	False	False	False	False	False	True	False	False	False
A0A0M1MZS3	150	False	False	False	False	False	True	True	False	True	True	False	False	False	False	False	False	False	False	False	False	False	True	False	False	False	False	False	False	False	False	False	False	False	False	False	True	True	True	False	False	False	False	False	False	False	False	False	False	False	False	False	False	False	False	False	True	False	False	False
A0A851HAD3	149	False	False	False	False	False	False	True	True	True	False	False	True	False	False	False	False	False	False	False	False	False	False	False	False	False	False	False	False	False	False	False	False	False	False	True	False	False	False	False	False	False	False	False	False	False	False	False	False	False	False	False	False	False	False	False	False	False	False	False
A0A851HJ33	148	False	False	False	False	False	True	True	True	False	False	False	True	False	False	False	False	False	False	False	False	False	True	False	False	False	False	False	False	False	False	False	False	False	False	False	False	False	False	False	False	False	False	False	False	False	False	False	False	False	False	False	False	False	False	False	False	False	False	False
A0A0M1N0R4	148	False	False	True	False	True	False	True	True	False	True	False	False	False	False	False	False	False	False	False	False	False	False	False	False	False	False	False	False	False	False	False	False	False	False	False	False	False	False	False	False	False	False	False	False	False	False	False	False	False	False	False	False	False	False	False	False	False	False	False
A0A0M1N0B2	148	False	False	False	False	True	True	True	False	True	False	False	True	False	False	False	False	False	False	False	False	False	False	False	False	False	False	False	False	False	False	False	False	False	False	False	False	False	False	False	False	False	False	False	False	False	False	False	False	False	False	False	False	False	False	False	False	False	False	False
A0A851HL32	148	False	False	False	False	False	True	False	True	False	False	False	True	False	False	False	False	False	False	False	False	False	True	False	False	False	False	False	False	False	False	False	False	False	False	False	False	False	False	False	False	False	False	False	False	False	False	False	False	False	False	False	False	False	False	False	False	False	False	False
A0A851HCQ0	148	False	False	False	False	True	True	True	False	True	False	False	True	False	False	False	False	False	False	False	False	False	False	False	False	False	False	False	False	False	False	False	False	False	False	False	False	False	False	False	False	False	False	False	False	False	False	False	False	False	False	False	False	False	False	False	False	False	False	False
A0A0M1MZB8	147	False	True	False	True	False	False	True	True	False	True	False	True	False	False	False	False	False	False	False	False	False	False	False	False	False	False	False	False	False	False	False	False	False	False	False	False	False	False	False	False	False	False	False	False	False	False	False	False	False	False	False	False	False	False	False	False	False	False	False
A0A0M1N068	147	False	False	False	False	False	False	False	True	False	False	False	True	False	False	False	False	False	False	False	False	False	True	False	False	False	False	False	False	False	False	False	False	False	False	False	False	False	False	False	False	False	False	False	False	False	False	False	False	False	False	False	False	False	False	False	False	False	False	False
A0A851HK18	147	False	False	False	False	False	False	False	True	False	False	False	False	False	False	False	False	False	False	False	False	False	False	False	False	False	False	False	False	False	False	False	False	False	False	False	False	False	False	False	False	False	False	False	False	False	False	False	False	False	False	False	False	False	False	False	False	False	False	False
A0A0M1MZC0	147	False	False	False	False	False	True	True	True	True	False	False	True	False	False	False	False	False	False	False	False	False	False	False	False	False	False	False	False	False	False	False	False	False	False	False	False	False	False	True	False	False	False	False	False	False	False	False	False	False	False	False	False	False	False	False	False	False	False	False
A0A851HI12	147	False	True	True	True	False	True	True	True	False	False	False	True	False	False	False	False	False	False	False	False	False	False	False	False	False	False	False	False	False	False	False	False	False	False	False	False	False	False	False	False	False	False	False	False	False	False	False	False	False	False	False	False	False	False	False	False	False	False	False
A0A851HJU6	144	False	True	False	True	False	True	True	True	False	False	False	False	False	False	False	False	False	False	False	False	False	False	False	False	False	False	False	False	False	False	False	False	False	False	False	False	False	False	False	False	False	False	False	False	False	False	False	False	False	False	False	False	False	False	False	False	False	False	False
A0A851HC32	143	False	True	False	True	False	False	False	False	False	False	False	False	False	False	False	False	False	False	False	False	False	False	False	False	False	False	False	False	False	False	False	False	False	False	False	False	False	False	False	False	False	False	False	False	False	False	False	False	False	False	False	False	False	False	False	False	False	False	False
A0A0M1N0S2	143	False	True	False	True	False	True	True	True	False	False	False	True	False	False	False	False	False	False	False	False	False	False	False	False	False	False	False	False	False	False	False	False	False	False	False	False	False	False	False	False	False	False	False	False	False	False	False	False	False	False	False	False	False	False	False	False	False	False	False
A0A0M1N0D8	143	False	True	False	True	False	True	False	True	False	False	False	False	False	False	False	False	False	False	False	False	False	False	False	False	False	False	False	False	False	False	False	False	False	False	False	False	False	False	False	False	False	False	False	False	False	False	False	False	False	False	False	False	False	False	False	False	False	False	False
A0A0M1N0A7	142	False	False	False	False	False	True	True	True	False	False	False	True	False	False	False	False	False	False	False	False	False	False	False	False	False	False	False	False	False	False	False	False	False	False	False	False	False	False	False	False	False	False	False	False	False	False	False	False	False	False	False	False	False	False	False	False	False	False	False
A0A851HG09	140	False	False	False	False	False	True	False	True	True	False	False	True	False	False	False	False	False	False	False	False	False	False	False	False	False	False	False	False	False	False	False	False	False	False	False	False	False	False	False	False	False	False	False	False	False	False	False	False	False	False	False	False	False	False	False	False	False	False	False
A0A0M1N0U5	139	False	False	False	False	False	False	False	True	False	False	False	True	False	False	False	False	False	False	False	False	False	False	False	False	False	False	False	False	False	True	True	False	False	False	False	False	False	False	False	True	True	False	False	False	False	False	False	False	False	False	False	False	False	False	False	False	False	False	False
A0A851HAV5	139	False	False	False	False	False	False	True	True	False	False	False	True	False	False	False	False	False	False	False	False	False	False	False	False	False	False	False	False	False	True	True	False	False	False	False	False	False	False	False	True	True	False	False	False	False	False	False	False	False	False	False	False	False	False	False	False	False	False	False
A0A0M1MZZ8	139	False	False	False	False	True	False	True	True	False	False	False	True	False	False	False	False	False	False	False	False	False	False	False	False	False	False	False	False	False	False	False	False	False	False	False	False	False	False	False	False	False	True	True	False	False	False	False	False	False	False	False	False	False	False	False	False	False	False	False
A0A851HA77	139	False	False	False	False	True	False	True	True	False	False	False	True	False	False	False	False	False	False	False	False	False	False	False	False	False	False	False	False	False	False	False	False	False	False	False	False	False	False	False	False	False	True	True	False	False	False	False	False	False	False	False	False	False	False	False	False	False	False	False
A0A0M1MZU5	137	False	False	False	False	False	True	False	True	True	False	False	False	False	False	False	False	False	False	False	False	False	True	False	False	False	False	False	False	False	False	False	False	False	False	False	False	False	False	False	False	False	False	False	False	False	False	False	False	False	False	False	False	False	False	False	False	False	False	False
A0A851HA04	135	False	False	False	False	False	True	True	True	False	False	False	True	False	False	False	False	False	False	False	False	False	False	False	False	False	False	False	False	False	False	False	False	False	False	False	False	False	False	False	False	False	False	False	False	False	False	False	False	False	False	False	False	False	False	False	False	False	False	False
A0A851HJX6	134	False	False	False	False	True	False	True	False	True	False	False	True	False	False	False	False	False	False	False	False	False	False	False	False	False	False	False	False	False	False	False	False	False	False	False	False	False	False	False	False	False	False	False	True	True	False	False	False	False	False	False	False	False	False	False	False	False	False	False
A0A0M1MZY4	134	False	False	False	False	True	False	True	False	True	False	False	True	False	False	False	False	False	False	False	False	False	False	False	False	False	False	False	False	False	False	False	False	False	False	False	False	False	False	False	False	False	False	False	True	True	False	False	False	False	False	False	False	False	False	False	False	False	False	False
A0A851HCA2	134	False	False	False	False	False	True	True	True	False	False	False	True	False	False	False	False	False	False	False	False	False	False	False	False	False	True	True	False	False	False	False	False	False	False	False	False	False	False	False	False	False	False	False	False	False	True	False	False	False	False	False	False	False	False	False	False	False	False	False
A0A851HGE7	133	False	False	False	False	False	True	True	True	False	False	True	True	False	False	False	False	False	False	False	False	False	False	False	False	False	False	False	False	False	False	False	False	False	False	False	False	False	False	False	False	False	False	False	False	False	False	True	False	False	False	False	False	False	False	False	False	False	False	False
A0A851HCE1	133	False	False	False	False	False	True	True	False	False	False	False	True	False	False	False	False	False	False	False	False	False	False	False	False	False	False	False	False	False	False	False	False	False	False	False	False	False	False	False	False	False	False	False	False	False	False	False	False	False	False	False	False	False	False	False	False	False	False	False
A0A851HJ01	132	False	True	False	True	True	True	True	True	True	False	True	False	False	False	False	False	False	False	False	False	False	False	False	False	False	False	False	False	False	False	False	False	False	False	False	False	False	False	False	False	False	False	False	False	False	False	False	False	False	False	False	False	False	False	False	False	False	False	False
A0A0M1N0F7	132	True	False	False	False	False	False	True	True	True	True	True	True	False	False	False	False	False	False	False	False	False	False	False	False	False	False	False	False	False	False	False	False	False	False	False	False	False	False	False	False	False	False	False	False	False	False	False	False	False	False	False	False	False	False	False	False	False	False	False
A0A0M1MZB3	131	False	True	False	True	False	False	True	True	False	False	False	False	False	False	False	False	False	False	False	False	False	False	False	False	False	False	False	False	False	False	False	False	False	False	False	False	False	False	False	False	False	False	False	False	False	False	False	False	False	False	False	False	False	False	False	False	False	False	False
A0A0M1MZQ7	130	False	True	False	True	False	False	True	False	False	False	False	True	False	False	False	False	False	False	False	False	False	False	False	False	False	False	False	False	False	False	False	False	False	False	False	False	False	False	False	False	False	False	False	False	False	False	False	False	False	False	False	False	False	False	False	False	False	False	False
A0A851HA67	130	True	False	False	False	False	False	True	True	True	True	True	True	False	False	False	False	False	False	False	False	False	False	False	False	False	False	False	False	False	False	False	False	False	False	False	False	False	False	False	False	False	False	False	False	False	False	False	True	False	False	False	False	False	False	False	False	False	False	False
A0A0M1N0F2	129	False	True	False	True	False	False	True	True	False	False	False	True	False	False	False	False	False	False	False	False	False	False	False	False	False	False	False	False	False	False	False	False	False	False	False	False	False	False	False	False	False	False	False	False	False	False	False	False	False	False	False	False	False	False	False	False	False	False	False
A0A851HCJ9	129	False	True	False	True	False	False	True	False	False	False	False	False	False	False	False	False	False	False	False	False	False	False	False	False	False	False	False	False	False	False	False	False	False	False	False	False	False	False	False	False	False	False	False	False	False	False	False	False	False	False	False	False	False	False	False	False	False	False	False
A0A0M1N0A8	129	True	False	False	False	False	True	True	True	True	False	False	True	False	False	False	False	False	False	False	False	False	False	False	False	False	False	False	False	False	False	False	False	False	False	False	False	False	False	False	False	False	False	False	False	False	False	False	False	True	False	False	False	False	False	False	False	False	False	False
A0A0M1MZS2	129	False	True	False	True	False	True	True	True	False	False	False	False	False	False	False	False	False	False	False	False	False	False	False	False	False	False	False	False	False	False	False	False	False	False	False	False	False	False	False	False	False	False	False	False	False	False	False	False	False	False	False	False	False	False	False	False	False	False	False
A0A8A0R284	128	False	False	False	False	False	False	False	True	False	False	False	False	False	False	False	False	False	False	False	False	False	False	False	False	False	False	False	False	False	False	False	False	False	False	False	False	False	False	False	False	False	False	False	False	False	False	False	False	False	True	False	False	False	False	False	False	False	False	False
A0A0M1N0H0	128	False	False	False	False	True	True	True	False	False	False	False	False	False	False	False	False	False	False	False	False	False	False	False	False	False	False	False	False	False	False	False	False	False	False	False	False	False	False	False	False	False	False	False	False	False	False	False	False	False	False	False	False	False	False	False	False	False	False	False
A0A0M1N0K1	126	False	False	False	False	False	True	True	True	True	False	False	True	False	False	False	True	False	False	False	False	False	False	False	False	False	False	False	False	False	False	False	False	False	False	False	False	False	False	False	False	False	False	False	False	False	False	False	False	False	False	False	False	False	False	False	False	False	False	False
A0A0M1N0B7	126	False	False	False	False	False	False	True	True	True	False	False	True	False	False	False	False	False	False	False	False	False	False	False	False	False	False	False	False	False	False	False	False	False	False	False	False	False	False	False	False	False	False	False	False	False	False	False	False	False	False	True	False	False	False	False	False	False	False	False
A0A851HJY6	126	False	False	False	False	False	False	True	True	True	False	False	True	False	False	False	False	False	False	False	False	False	False	False	False	False	False	False	False	False	False	False	False	False	False	False	False	False	False	False	False	False	False	False	False	False	False	False	False	False	False	True	False	False	False	False	False	False	False	False
A0A851HGV0	126	False	False	False	False	False	True	True	True	True	False	False	True	False	False	False	True	False	False	False	False	False	False	False	False	False	False	False	False	False	False	False	False	False	False	False	False	False	False	False	False	False	False	False	False	False	False	False	False	False	False	False	False	False	False	False	False	False	False	False
A0A851HJQ9	125	False	False	False	False	False	True	True	True	False	False	False	True	False	False	False	False	False	False	False	False	False	False	False	False	False	False	False	False	False	False	False	False	False	False	False	False	False	False	False	False	False	False	False	False	False	False	False	False	False	False	False	False	False	False	False	False	False	False	False
A0A851HGR5	124	True	True	False	True	False	False	True	True	False	False	True	True	False	False	False	False	False	False	False	False	False	False	False	False	False	False	False	False	False	False	False	False	False	False	False	False	False	False	False	False	False	False	False	False	False	False	False	False	False	False	False	False	False	False	False	False	False	False	False
A0A0M1N0K8	122	False	False	False	False	False	True	True	False	False	False	False	True	False	False	False	False	False	False	False	False	False	False	False	False	False	False	False	False	False	False	False	False	False	False	False	False	False	False	False	False	False	False	False	False	False	False	False	False	False	False	False	True	False	False	False	False	False	False	False
A0A0M1N039	121	False	False	False	False	False	False	True	True	True	False	False	True	False	False	False	False	False	False	False	False	False	False	False	False	False	False	False	False	False	False	False	False	False	False	False	False	False	False	False	False	False	False	False	False	False	False	False	False	False	False	False	False	True	True	False	False	False	False	False
A0A851HL55	119	False	True	False	True	False	True	True	True	False	False	False	False	False	False	False	False	False	False	False	False	False	False	False	False	False	False	False	False	False	False	False	False	False	False	False	False	False	False	False	False	False	False	False	False	False	False	False	False	False	False	False	False	False	False	False	False	False	False	False
A0A851HK29	118	False	False	False	False	False	False	True	True	False	False	False	False	False	False	False	False	False	False	False	False	False	False	False	False	False	False	False	False	False	False	False	False	False	False	False	False	False	False	False	False	False	False	False	False	False	False	False	False	False	False	False	False	False	False	False	False	False	False	False
A0A0M1MZZ5	118	False	False	False	False	True	True	True	True	True	False	False	False	False	False	False	False	False	False	False	False	False	False	False	False	False	False	False	False	False	False	False	False	False	False	False	False	False	False	False	False	False	False	False	False	False	False	False	False	False	False	False	False	False	False	False	False	False	False	False
A0A851HHS4	117	True	False	False	False	False	True	True	False	True	False	False	True	False	False	False	False	False	False	False	False	False	False	False	False	False	False	False	False	False	False	False	False	False	False	False	False	False	False	False	False	False	False	False	False	False	False	False	False	False	False	False	False	False	False	False	False	False	False	False
A0A0M1MZZ2	117	True	False	False	False	False	True	True	False	False	False	False	True	False	False	False	False	False	False	False	False	False	False	False	False	False	False	False	False	False	False	False	False	False	False	False	False	False	False	False	False	False	False	False	False	False	False	False	False	False	False	False	False	False	False	False	False	False	False	False
A0A0M1N0M5	117	False	False	False	False	False	True	True	False	False	False	False	False	False	False	False	False	False	False	False	False	False	False	False	False	False	False	False	False	False	False	False	False	False	False	False	False	False	False	False	False	False	False	False	False	False	False	False	False	False	False	False	False	False	False	False	False	False	False	False
A0A0M1N0P1	115	False	False	False	False	False	True	True	True	False	False	False	True	False	False	False	False	False	False	False	False	False	False	False	False	False	False	False	False	False	False	False	False	False	False	False	False	False	False	False	False	False	False	False	False	False	False	False	False	False	False	False	False	True	False	True	False	False	False	False
A0A851HBY2	115	False	False	False	False	False	True	True	True	False	False	False	False	False	False	False	False	False	False	False	False	False	False	False	False	False	False	False	False	False	False	False	False	False	False	False	False	False	False	False	False	False	False	False	False	False	False	False	False	False	False	False	False	False	False	False	False	False	False	False
A0A0M1MZM9	114	False	False	False	False	False	True	False	False	False	False	False	True	False	False	False	False	False	False	False	False	False	False	False	False	False	False	False	False	False	False	False	False	False	False	False	False	True	True	False	False	False	False	False	False	False	False	False	False	False	False	False	False	False	False	False	True	False	False	False
A0A0M1N0W1	114	False	False	False	False	False	True	False	True	False	False	False	False	False	False	False	False	False	False	False	False	False	False	False	False	False	False	False	False	False	False	False	False	False	False	False	False	False	False	False	False	False	False	False	False	False	False	False	False	False	False	False	False	False	False	False	False	True	False	False
A0A851HJ87	114	False	False	False	False	False	True	False	True	False	False	False	False	False	False	False	False	False	False	False	False	False	False	False	False	False	False	False	False	False	False	False	False	False	False	False	False	False	False	False	False	False	False	False	False	False	False	False	False	False	False	False	False	False	False	False	False	True	False	False
A0A0M1MZD7	113	False	False	False	False	False	False	True	True	True	False	False	True	False	False	False	False	False	False	False	False	False	False	False	False	False	False	False	False	False	False	False	False	False	False	False	False	False	False	False	False	False	False	False	False	False	False	False	False	False	False	False	False	False	False	False	False	False	False	False
A0A0M1N011	113	False	False	False	False	False	True	True	True	False	True	False	False	False	False	False	False	False	False	False	False	False	False	False	False	False	False	False	False	False	False	False	False	False	False	False	False	False	False	False	False	False	False	False	False	False	False	False	False	False	False	False	False	False	False	False	False	False	False	False
A0A851H9F3	113	False	False	False	False	False	False	False	True	False	False	True	True	False	False	False	False	False	False	False	False	False	True	False	False	False	False	False	False	False	False	False	False	False	False	False	False	False	False	False	False	False	False	False	False	False	False	False	False	False	False	False	False	False	False	False	False	False	False	False
A0A851HAU1	113	False	False	False	False	False	True	True	True	False	False	False	False	False	False	False	False	False	False	False	False	False	False	False	False	False	False	False	False	False	False	False	False	False	False	False	False	False	False	False	False	False	False	False	False	False	False	False	False	False	False	False	False	False	False	False	False	False	False	False
A0A0M1MZE7	112	False	True	True	False	False	False	True	False	False	False	False	False	False	False	False	False	False	False	False	False	False	False	False	False	False	False	False	False	False	False	False	False	False	False	False	False	False	False	False	False	False	False	False	False	False	False	False	False	False	False	False	False	False	False	False	False	False	False	False
A0A851HDD1	111	False	False	False	False	False	True	True	True	False	False	False	False	False	False	False	False	False	False	False	False	False	False	False	False	False	False	False	False	False	False	False	False	False	False	False	False	False	False	False	False	False	False	False	False	False	False	False	False	False	False	False	False	False	False	False	False	False	False	False
A0A0M1MZH5	111	False	False	False	False	False	False	False	True	True	True	False	False	False	False	True	False	False	True	False	False	False	False	False	True	False	False	False	False	False	False	False	False	False	False	False	False	False	False	False	False	False	False	False	False	False	False	False	False	False	False	False	False	False	False	False	False	False	True	True
A0A0M1MZ90	111	False	False	True	False	False	False	True	False	False	False	False	True	False	False	False	False	False	False	False	False	False	False	False	False	False	False	False	False	False	False	False	False	False	False	False	False	False	False	False	False	False	False	False	False	False	False	False	False	False	False	False	False	False	False	False	False	False	False	False
A0A851HK36	111	False	False	False	False	False	False	False	True	True	True	False	False	False	False	True	False	False	True	False	False	False	False	False	True	False	False	False	False	False	False	False	False	False	False	False	False	False	False	False	False	False	False	False	False	False	False	False	False	False	False	False	False	False	False	False	False	False	True	True
A0A851HBY8	110	False	False	False	False	False	True	True	True	False	False	False	False	False	False	False	False	False	False	False	False	False	False	False	False	False	False	False	False	False	False	False	False	False	False	False	False	False	False	False	False	False	False	False	False	False	False	False	False	False	False	False	False	False	False	False	False	False	False	False
A0A851HBW1	110	False	True	False	True	False	False	False	True	False	False	False	False	False	False	False	False	False	False	False	False	False	False	False	False	False	False	False	False	False	False	False	False	False	False	False	False	False	False	False	False	False	False	False	False	False	False	False	False	False	False	False	False	False	False	False	False	False	False	False
A0A0M1MZS7	110	False	False	False	False	False	True	True	False	False	False	False	False	False	False	False	False	False	False	False	False	False	False	False	False	False	False	False	False	False	False	False	False	False	False	False	False	False	False	False	False	False	False	False	False	False	False	False	False	False	False	False	False	False	False	False	False	False	False	False
A0A851HKI1	109	False	False	False	False	False	True	True	True	False	False	False	True	False	False	False	False	False	False	False	False	False	False	False	False	False	False	False	False	False	False	False	False	False	False	False	False	False	False	False	False	False	False	False	False	False	False	False	False	False	False	False	False	False	False	False	False	False	False	False
A0A851H9G3	108	False	False	False	False	False	True	True	True	False	False	False	False	False	False	False	False	False	False	False	False	False	False	False	False	False	False	False	False	False	False	False	False	False	False	False	False	False	False	False	False	False	False	False	False	False	False	False	False	False	False	False	False	False	False	False	False	False	False	False
A0A851HI67	107	False	False	True	False	False	True	True	True	True	False	False	True	False	False	False	False	False	False	False	False	False	False	False	False	False	False	False	False	False	False	False	False	False	False	False	False	False	False	False	False	False	False	False	False	False	False	False	False	False	False	False	False	False	False	False	False	False	False	False
A0A0M1N111	107	False	False	True	False	False	True	True	True	True	False	False	True	False	False	False	False	False	False	False	False	False	False	False	False	False	False	False	False	False	False	False	False	False	False	False	False	False	False	False	False	False	False	False	False	False	False	False	False	False	False	False	False	False	False	False	False	False	False	False
A0A0M1N0P9	106	False	False	False	False	True	True	True	True	False	False	False	False	False	False	False	False	False	False	False	False	False	False	False	False	False	False	False	False	False	False	False	False	False	False	False	False	False	False	False	False	False	False	False	False	False	False	False	False	False	False	False	False	False	False	False	False	False	False	False
A0A0M1N0D2	104	False	False	False	False	False	False	True	True	False	False	False	False	False	False	False	False	False	False	False	False	False	False	False	False	False	False	False	False	False	False	False	False	False	False	False	False	False	False	False	False	False	False	False	False	False	False	False	False	False	False	False	False	False	False	False	False	False	False	False
A0A0D5BYF4	103	False	False	False	False	False	True	True	False	True	False	False	False	False	False	False	False	False	False	False	False	False	False	False	False	False	False	False	False	False	False	False	False	False	False	False	False	False	False	False	False	False	False	False	False	False	False	False	False	False	False	False	False	False	False	False	False	False	False	False
H2F4B8	102	False	False	False	False	False	True	True	False	True	False	False	False	False	False	False	False	False	False	False	False	False	False	False	False	False	False	False	False	False	False	False	False	False	False	False	False	False	False	False	False	False	False	False	False	False	False	False	False	False	False	False	False	False	False	False	False	False	False	False
A0A851HJM9	102	False	False	False	False	False	False	False	False	False	False	False	False	False	False	True	False	True	True	False	False	False	False	False	True	False	False	False	False	False	False	False	False	False	False	False	False	False	False	False	False	False	False	False	False	False	False	False	False	False	False	False	False	False	False	False	False	False	True	True
H2F4C1	101	False	False	False	False	False	True	True	False	True	False	False	False	False	False	False	False	False	False	False	False	False	False	False	False	False	False	False	False	False	False	False	False	False	False	False	False	False	False	False	False	False	False	False	False	False	False	False	False	False	False	False	False	False	False	False	False	False	False	False
A0A0M1N031	101	False	False	False	False	False	False	False	True	True	False	False	False	False	False	False	False	False	False	False	False	False	False	False	False	False	False	False	False	False	False	False	False	False	False	False	False	False	False	False	False	False	False	False	False	False	False	False	False	False	False	False	False	False	False	False	False	False	False	False
A0A851HIC1	101	False	False	False	False	False	True	True	True	False	False	False	False	False	False	False	False	False	False	False	False	False	False	False	False	False	False	False	False	False	False	False	False	False	False	False	False	False	False	False	False	False	False	False	False	False	False	False	False	False	False	False	False	False	False	False	False	False	False	False
A0A851HCP5	101	False	False	False	False	False	True	True	True	True	False	False	False	False	False	False	False	False	False	False	False	False	False	False	False	False	False	False	False	False	False	False	False	False	False	False	False	False	False	False	False	False	False	False	False	False	False	False	False	False	False	False	False	False	False	False	False	False	False	False
A0A0M1MZL7	101	False	False	False	False	False	False	True	True	False	False	False	False	False	False	False	False	False	False	False	False	False	False	False	False	False	False	False	False	False	False	False	False	False	False	False	False	False	False	False	False	False	False	False	False	False	False	False	False	False	False	False	False	False	False	False	False	False	False	False
A0A0M1N028	101	False	False	False	False	False	True	True	True	True	False	False	True	False	False	False	False	False	False	False	False	False	False	False	False	False	False	False	False	False	False	False	False	False	False	False	False	False	False	False	False	False	False	False	False	False	False	False	False	False	False	False	False	False	False	False	False	False	False	False
H2F4A9	100	False	False	False	False	False	True	True	False	True	False	False	False	False	False	False	False	False	False	False	False	False	False	False	False	False	False	False	False	False	False	False	False	False	False	False	False	False	False	False	False	False	False	False	False	False	False	False	False	False	False	False	False	False	False	False	False	False	False	False
A0A0K0LCS9	100	False	False	False	False	False	True	True	False	True	False	False	False	False	False	False	False	False	False	False	False	False	False	False	False	False	False	False	False	False	False	False	False	False	False	False	False	False	False	False	False	False	False	False	False	False	False	False	False	False	False	False	False	False	False	False	False	False	False	False
A0A851HKD6	100	False	False	False	False	False	True	False	True	False	False	False	False	False	False	False	False	False	False	False	False	False	False	False	False	False	False	False	False	False	False	False	False	False	False	False	False	False	False	False	False	False	False	False	False	False	False	False	False	False	False	False	False	False	False	False	False	False	False	False
A0A851HJ78	100	False	False	False	False	False	False	True	True	False	False	False	False	False	False	False	False	False	False	False	False	False	False	False	False	False	False	False	False	False	False	False	False	False	False	False	False	False	False	False	False	False	False	False	False	False	False	False	False	False	False	False	False	False	False	False	False	False	False	False
A0A0M1MZC4	99	True	True	False	True	False	False	True	False	False	False	False	False	False	False	False	False	False	False	False	False	False	False	False	False	False	False	False	False	False	False	False	False	False	False	True	False	False	False	False	False	False	False	False	False	False	False	False	False	False	False	False	False	False	False	False	False	False	False	False
A0A0M1N077	98	False	False	False	False	False	True	False	True	False	False	False	False	False	False	False	False	False	False	False	False	False	False	False	False	False	False	False	False	False	False	False	False	False	False	False	False	False	False	False	False	False	False	False	False	False	False	False	False	False	False	False	False	False	False	False	False	False	False	False
A0A851HI44	98	False	False	True	False	False	True	True	True	False	False	False	False	False	False	False	False	False	False	False	False	False	False	False	False	False	False	False	False	False	False	False	False	False	False	False	False	False	False	False	False	False	False	False	False	False	False	False	False	False	False	False	False	False	False	False	False	False	False	False
A0A851HIV7	98	False	True	False	True	False	False	True	True	False	False	False	True	False	False	False	False	False	False	False	False	False	False	False	False	False	False	False	False	False	False	False	False	False	False	False	False	False	False	False	False	False	False	False	False	False	False	False	False	False	False	False	False	False	False	False	False	False	False	False
A0A851HCK7	97	False	True	False	True	False	True	True	True	False	False	False	False	False	False	False	False	False	False	False	False	False	False	False	False	False	False	False	False	False	False	False	False	False	False	False	False	False	False	False	False	False	False	False	False	False	False	False	False	False	False	False	False	False	False	False	False	False	False	False
A0A851HC15	96	False	True	False	True	False	False	True	True	False	False	False	True	False	False	False	False	False	False	False	False	False	False	False	False	False	False	False	False	False	False	False	True	False	False	False	False	False	False	False	False	False	False	False	False	False	False	False	False	False	False	False	False	False	False	False	False	False	False	False
A0A851HBZ0	96	False	True	False	True	False	True	True	True	False	False	False	False	False	False	False	False	False	False	False	False	False	False	False	False	False	False	False	False	False	False	False	False	False	False	False	False	False	False	False	False	False	False	False	False	False	False	False	False	False	False	False	False	False	False	False	False	False	False	False
A0A0M1MZV3	96	False	False	False	False	False	True	False	False	False	False	False	False	False	False	False	False	False	False	False	False	False	False	False	False	False	False	False	False	False	False	False	False	False	False	False	False	False	False	False	False	False	False	False	False	False	False	False	False	False	False	False	False	False	False	False	False	False	False	False
A0A0M1N0C6	96	False	False	False	False	False	True	True	True	False	True	False	False	False	False	False	False	False	False	False	False	False	False	False	False	False	False	False	False	False	False	False	False	False	False	False	False	False	False	False	False	False	False	False	False	False	False	False	False	False	False	False	False	False	False	False	False	False	False	False
A0A851HAL1	96	False	False	False	False	False	True	False	True	False	False	False	False	False	False	False	False	False	False	False	False	False	False	False	False	False	False	False	False	False	False	False	False	False	False	False	False	False	False	False	False	False	False	False	False	False	False	False	False	False	False	False	False	False	False	False	False	False	False	False
A0A851H9Q9	96	False	False	False	False	False	True	False	False	False	False	False	False	False	False	False	False	False	False	False	False	False	False	False	False	False	False	False	False	False	False	False	False	False	False	False	False	False	False	False	False	False	False	False	False	False	False	False	False	False	False	False	False	False	False	False	False	False	False	False
A0A0M1MZY5	96	False	False	False	False	False	True	True	True	False	False	True	True	False	False	False	False	False	False	False	False	False	False	False	False	False	False	False	False	False	False	False	False	False	False	False	False	False	False	False	False	False	False	False	False	False	False	False	False	False	False	False	False	False	False	False	False	False	False	False
A0A0M1MZT9	95	False	False	False	False	False	True	False	False	False	False	False	True	False	False	False	False	False	False	False	False	False	False	False	False	False	False	False	False	False	False	False	False	False	False	False	False	False	False	False	False	False	False	False	False	False	False	False	False	False	False	False	False	False	False	False	False	False	False	False
A0A0M1MZ81	95	False	False	False	False	False	True	True	True	False	False	True	True	False	False	False	False	False	False	False	False	False	False	False	False	False	False	False	False	False	False	False	False	False	False	False	False	False	False	False	False	False	False	False	False	False	False	False	False	False	False	False	False	False	False	False	False	False	False	False
A0A851HII8	94	False	False	False	False	False	False	True	True	False	False	False	False	False	False	False	False	False	False	False	False	False	False	False	False	False	False	False	False	False	False	False	False	False	False	False	False	False	False	False	False	False	False	False	False	False	False	False	False	False	False	False	False	False	False	False	False	False	False	False
A0A851HI60	93	False	False	False	False	False	True	True	True	True	False	False	False	False	False	False	False	False	False	False	False	False	False	False	False	False	False	False	False	False	False	False	False	False	False	False	False	False	False	False	False	False	False	False	False	False	False	False	False	False	False	False	False	False	False	False	False	False	False	False
A0A851HJB4	92	True	True	False	True	False	True	True	True	False	False	False	False	False	False	False	False	False	False	False	False	False	False	False	False	False	False	False	False	False	False	False	False	False	False	False	False	False	False	False	False	False	False	False	False	False	False	False	False	False	False	False	False	False	False	False	False	False	False	False
A0A0M1N0X5	92	False	True	False	True	True	True	False	False	True	False	False	True	False	False	False	False	False	False	False	False	False	False	False	False	False	False	False	False	False	False	False	False	False	False	False	False	False	False	False	False	False	False	False	False	False	False	False	False	False	False	False	False	False	False	False	False	False	False	False
A0A851HD25	92	False	False	False	False	False	False	True	True	False	False	False	True	False	False	False	False	False	False	False	False	False	False	False	False	False	False	False	False	False	False	False	False	False	False	False	False	False	False	False	False	False	False	False	False	False	False	False	False	False	False	False	False	False	False	False	False	False	False	False
A0A851HIZ1	91	True	True	False	True	False	True	True	False	True	False	False	False	False	False	False	False	False	False	False	False	False	False	False	False	False	False	False	False	False	False	False	False	False	False	False	False	False	False	False	False	False	False	False	False	False	False	False	False	False	False	False	False	False	False	False	False	False	False	False
A0A0M1N0P5	91	False	False	False	False	False	True	True	True	False	False	False	False	False	False	False	False	False	False	False	False	False	False	False	False	False	False	False	False	False	False	False	False	False	False	False	False	False	False	False	False	False	False	False	False	False	False	False	False	False	False	False	False	False	False	False	False	False	False	False
A0A0M1N0J6	90	False	False	False	False	False	False	True	True	False	False	False	False	False	False	False	False	False	False	False	False	False	False	False	False	False	False	False	False	False	False	False	False	False	False	False	False	False	False	False	False	False	False	False	False	False	False	False	False	False	False	False	False	False	False	False	False	False	False	False
A0A0M1MZX7	90	True	True	False	True	False	False	False	False	False	True	False	True	False	False	False	False	False	False	False	False	False	False	False	False	False	False	False	False	False	False	False	False	False	False	False	False	False	False	False	False	False	False	False	False	False	False	False	False	False	False	False	False	False	False	False	False	False	False	False
A0A851HCU8	90	False	False	False	False	False	False	True	True	False	False	False	False	False	False	False	False	False	False	False	False	False	False	False	False	False	False	False	False	False	False	False	False	False	False	False	False	False	False	False	False	False	False	False	False	False	False	False	False	False	False	False	False	False	False	False	False	False	False	False
A0A851HBM9	90	False	False	False	False	True	True	True	False	False	False	False	True	False	False	False	False	False	False	False	False	False	False	False	False	False	False	False	False	False	False	False	False	False	False	False	False	False	False	False	False	False	False	False	False	False	False	False	False	False	False	False	False	False	False	False	False	False	False	False
A0A0M1N034	89	True	True	True	False	False	False	True	False	False	False	False	True	False	False	False	False	False	False	False	False	False	False	False	False	False	False	False	False	False	False	False	False	False	False	False	False	False	False	False	False	False	False	False	False	False	False	False	False	False	False	False	False	False	False	False	False	False	False	False
A0A0M1MZZ4	89	False	False	False	False	False	False	False	False	True	False	False	False	False	False	False	False	False	False	False	False	False	False	False	False	False	False	False	False	False	False	False	False	False	False	False	False	False	False	False	False	False	False	False	False	False	False	False	False	False	False	False	False	False	False	False	False	False	False	False
A0A851HCZ6	89	True	True	False	True	False	False	True	True	False	False	False	True	False	False	False	False	False	False	False	False	False	False	False	False	False	False	False	False	False	False	False	False	False	False	False	False	False	False	False	False	False	False	False	False	False	False	False	False	False	False	False	False	False	False	False	False	False	False	False
A0A0M1MZK9	89	False	True	False	True	False	False	False	True	False	False	False	True	False	False	False	False	False	False	False	False	False	False	False	False	False	False	False	False	False	False	False	False	False	False	False	False	False	False	False	False	False	False	False	False	False	False	False	False	False	False	False	False	False	False	False	False	False	False	False
A0A0M1N063	88	False	False	False	False	False	False	False	True	False	False	False	True	False	False	False	False	False	False	False	False	False	False	False	False	False	False	False	False	False	False	False	False	False	False	False	False	False	False	False	False	False	False	False	False	False	False	False	False	False	False	False	False	False	False	False	False	False	False	False
A0A0M1MZD0	87	False	True	False	True	False	False	False	False	False	False	False	True	False	False	False	False	False	False	False	False	False	False	False	False	False	False	False	False	False	False	False	False	False	False	False	False	False	False	False	False	False	False	False	False	False	False	False	False	False	False	False	False	False	False	False	False	False	False	False
A0A1P8DBB2	86	False	False	False	False	False	True	True	False	True	False	False	False	False	False	False	False	False	False	False	False	False	False	False	False	False	False	False	False	False	False	False	False	False	False	False	False	False	False	False	False	False	False	False	False	False	False	False	False	False	False	False	False	False	False	False	False	False	False	False
A0A851HCD0	86	False	False	False	False	False	False	True	True	False	True	False	False	False	False	False	False	False	False	False	False	False	False	False	False	False	False	False	False	False	False	False	False	False	False	False	False	False	False	False	False	False	False	False	False	False	False	False	False	False	False	False	False	False	False	False	False	False	False	False
A0A851HC47	85	False	False	False	False	False	True	True	True	True	False	False	False	False	False	False	False	False	False	False	False	False	False	False	False	False	False	False	False	False	False	False	False	False	False	False	False	False	False	False	False	False	False	False	False	False	False	False	False	False	False	False	False	False	False	False	False	False	False	False
A0A851H9G2	84	False	True	False	True	False	True	True	False	False	False	False	True	False	False	False	False	False	False	False	False	False	True	False	False	False	False	False	False	False	False	False	False	False	False	False	False	False	False	False	False	False	False	False	False	False	False	False	False	False	False	False	False	False	False	False	False	False	False	False
A0A0M1MZL5	83	False	False	False	False	False	False	True	True	False	False	False	False	False	False	False	False	False	False	False	False	False	True	False	False	False	False	False	False	False	False	False	False	False	False	False	False	False	False	False	False	False	False	False	False	False	False	False	False	False	False	False	False	False	False	False	False	False	False	False
A0A0M1N0B0	82	False	False	False	False	False	False	True	False	False	False	False	True	False	False	False	False	False	False	False	False	False	False	False	False	False	False	False	False	False	False	False	False	False	False	False	False	False	False	False	False	False	False	False	False	False	False	False	False	False	False	False	False	False	False	False	False	False	False	False
A0A851HK25	82	False	False	False	False	True	False	False	True	False	False	False	True	False	False	False	False	False	False	False	False	False	False	False	False	False	False	False	False	False	False	False	False	False	False	False	False	False	False	False	False	False	False	False	False	False	False	False	False	False	False	False	False	False	False	False	False	False	False	False
A0A851HJ79	82	False	False	False	False	False	False	True	False	False	False	False	True	False	False	False	False	False	False	False	False	False	False	False	False	False	False	False	False	False	False	False	False	False	False	False	False	False	False	False	False	False	False	False	False	False	False	False	False	False	False	False	False	False	False	False	False	False	False	False
A0A0M1MZH9	80	False	True	False	True	False	False	True	True	True	False	False	False	False	False	False	False	False	False	False	False	False	False	False	False	False	False	False	False	False	False	False	False	False	False	False	False	False	False	False	False	False	False	False	False	False	False	False	False	False	False	False	False	False	False	False	False	False	False	False
A0A0M1N0N7	79	False	False	False	False	False	False	True	False	True	False	False	False	False	False	False	False	False	False	False	False	False	False	False	False	False	False	False	False	False	False	False	False	False	False	False	False	False	False	False	False	False	False	False	False	False	False	False	False	False	False	False	False	False	False	False	False	False	False	False
A0A0M1N0Q7	79	False	False	False	False	False	False	True	True	False	False	False	False	False	False	False	False	False	False	False	False	False	False	False	False	False	False	False	False	False	False	False	False	False	False	False	False	False	False	False	False	False	False	False	False	False	False	False	False	False	False	False	False	False	False	False	False	False	False	False
A0A0M1N102	78	False	True	False	True	False	False	False	False	False	False	False	False	False	False	False	False	False	False	False	False	False	False	False	False	False	False	False	False	False	False	False	False	False	False	False	False	True	True	False	False	False	False	False	False	False	False	False	False	False	False	False	False	False	False	False	True	False	False	False
A0A0M1MZX3	78	False	True	False	True	False	False	True	False	False	False	False	True	False	False	False	False	False	False	False	False	False	False	False	False	False	False	False	False	False	False	False	False	False	False	False	False	False	False	False	False	False	False	False	False	False	False	False	False	False	False	False	False	False	False	False	False	False	False	False
A0A851HAX4	77	True	True	False	True	False	True	True	True	False	False	False	True	False	False	False	False	False	False	False	False	False	False	False	False	False	False	False	False	False	False	False	False	False	False	False	False	False	False	False	False	False	False	False	False	False	False	False	False	False	False	False	False	True	False	False	False	False	False	False
A0A0M1N0X9	76	False	False	True	False	True	True	True	True	False	False	False	True	False	False	False	False	False	False	False	False	False	False	False	False	False	False	False	False	False	False	False	False	False	False	False	False	False	False	False	False	False	False	False	False	False	False	False	False	False	False	False	False	False	False	False	False	False	False	False
A0A0M1MZL2	76	False	True	False	True	False	False	True	False	False	False	False	False	False	False	False	False	False	False	False	False	False	False	False	False	False	False	False	False	False	False	False	False	False	False	False	False	False	False	False	False	False	False	False	False	False	False	False	False	False	False	False	False	False	False	False	False	False	False	False
A0A0M1N066	76	False	False	False	False	False	True	True	True	True	False	False	False	False	False	False	False	False	False	False	False	False	False	False	False	False	False	False	False	False	False	False	False	False	False	False	False	False	False	False	False	False	False	False	False	False	False	False	False	False	False	False	False	False	False	False	False	False	False	False
A0A851HCT8	76	False	False	False	False	False	True	True	True	False	False	False	False	False	False	False	False	False	False	False	False	False	False	False	False	False	False	False	False	False	False	False	False	False	False	False	False	False	False	False	False	False	False	False	False	False	False	False	False	False	False	False	False	False	False	False	False	False	False	False
A0A851HCR9	76	False	False	False	False	False	True	True	True	False	False	False	False	False	False	False	False	False	False	False	False	False	False	False	False	False	False	False	False	False	False	False	False	False	False	False	False	False	False	False	False	False	False	False	False	False	False	False	False	False	False	False	False	False	False	False	False	False	False	False
A0A0M1MZU8	75	False	True	True	True	False	False	False	False	False	False	False	True	False	False	False	False	False	False	False	False	False	False	False	False	False	False	False	False	False	False	False	False	False	False	False	False	False	False	False	False	False	False	False	False	False	False	False	False	False	False	False	False	False	False	False	False	False	False	False
A0A0M1N0S6	75	True	True	False	True	False	True	True	True	False	False	False	True	False	False	False	False	False	False	False	False	False	False	False	False	False	False	False	False	False	False	False	False	False	False	False	False	False	False	False	False	False	False	False	False	False	False	False	False	False	False	False	False	False	False	False	False	False	False	False
A0A851HGW4	75	False	False	False	False	True	True	True	True	True	False	False	False	False	False	False	False	False	False	False	False	False	False	False	False	False	False	False	False	False	False	False	False	False	False	False	False	False	False	False	False	False	False	False	False	False	False	False	False	False	False	False	False	False	False	False	False	False	False	False
A0A0M1MZR7	74	False	False	False	False	False	False	True	False	False	False	False	False	False	False	False	False	False	False	False	False	False	False	False	False	False	False	False	False	False	False	False	False	False	False	False	False	False	False	False	False	False	False	False	False	False	False	False	False	False	False	False	False	False	False	False	False	False	False	False
A0A0M1N025	74	False	True	False	True	False	True	True	False	False	False	False	True	False	False	False	False	False	False	False	False	False	False	False	False	False	False	False	False	False	False	False	False	False	False	False	False	False	False	False	False	False	False	False	False	False	False	False	False	False	False	False	False	False	False	False	False	False	False	False
A0A851HCG4	74	False	False	False	False	False	False	True	False	False	False	False	False	False	False	False	False	False	False	False	False	False	False	False	False	False	False	False	False	False	False	False	False	False	False	False	False	False	False	False	False	False	False	False	False	False	False	False	False	False	False	False	False	False	False	False	False	False	False	False
A0A851HAT5	73	False	False	False	False	False	False	False	True	False	False	False	False	False	False	False	False	False	False	False	False	False	False	False	False	False	False	False	False	False	False	False	False	False	False	False	False	False	False	False	False	False	False	False	False	False	False	False	False	False	False	False	False	False	False	False	False	False	False	False
A0A0M1MZ72	73	True	True	False	True	False	False	False	False	False	False	False	False	False	False	False	False	False	False	False	False	False	False	False	False	False	False	False	False	False	False	False	False	False	False	False	False	False	False	False	False	False	False	False	False	False	False	False	False	False	False	False	False	False	False	False	False	False	False	False
A0A0M1N0N2	73	False	False	False	False	False	True	True	True	False	False	False	True	False	False	False	False	False	False	False	False	False	False	False	False	False	False	False	False	False	False	False	False	False	False	False	False	False	False	False	False	False	False	False	False	False	False	False	False	False	False	False	False	False	False	False	False	False	False	False
A0A851HCJ6	72	False	True	False	True	False	False	True	False	False	False	False	False	False	False	False	False	False	False	False	False	False	False	False	False	False	False	False	False	False	False	False	False	False	False	True	False	False	False	False	False	False	False	False	False	False	False	False	False	False	False	False	False	False	False	False	False	False	False	False
A0A0M1N008	72	False	False	False	False	False	False	True	True	False	False	False	False	False	False	False	False	False	False	False	False	False	False	False	False	False	False	False	False	False	False	False	False	False	False	False	False	False	False	False	False	False	False	False	False	False	False	False	False	False	False	False	False	False	False	False	False	False	False	False
A0A851HA86	72	False	False	False	False	False	True	True	True	False	False	False	False	False	False	False	False	False	False	False	False	False	False	False	False	False	False	False	False	False	False	False	False	False	False	False	False	False	False	False	False	False	False	False	False	False	False	False	False	False	False	False	False	False	False	False	False	False	False	False
A0A0M1N009	71	False	False	False	False	False	True	True	False	False	False	False	True	False	False	False	False	False	False	False	False	False	False	False	False	False	False	False	False	False	False	False	False	False	False	False	False	False	False	False	False	False	False	False	False	False	False	False	False	False	False	False	False	False	False	False	False	False	False	False
A0A851HIW3	71	False	False	False	False	True	False	True	True	True	False	True	False	False	False	False	False	False	False	False	False	False	False	False	False	False	False	False	False	False	False	False	False	False	False	False	False	False	False	False	False	False	False	False	False	False	False	False	False	False	False	False	False	False	False	False	False	False	False	False
A0A851HA42	70	False	False	False	False	True	False	True	True	False	False	False	False	False	False	True	False	False	True	False	False	False	False	False	True	False	False	False	False	False	False	False	False	False	False	False	False	False	False	False	False	False	False	False	False	False	False	False	False	False	False	False	False	False	False	False	False	False	True	True
A0A851HIR3	70	False	False	False	False	False	True	True	True	False	False	False	True	False	False	False	False	False	False	False	False	False	False	False	False	False	False	False	False	False	False	False	False	False	False	False	False	False	False	False	False	False	False	False	False	False	False	False	False	False	False	False	False	False	False	False	False	False	False	False
A0A851HDU8	69	True	True	False	True	False	False	True	True	False	False	False	True	False	False	False	False	False	False	False	False	False	False	False	False	False	False	False	False	False	False	False	False	False	False	False	False	False	False	False	False	False	False	False	False	False	False	False	False	False	False	False	False	False	False	False	False	False	False	False
A0A851HHF3	68	False	False	False	False	False	True	True	False	False	False	False	False	False	False	False	False	False	False	False	False	False	False	False	False	False	False	False	False	False	False	False	False	False	False	False	False	False	False	False	False	False	False	False	False	False	False	False	False	False	False	False	False	False	False	False	False	False	False	False
A0A0M1MZK5	67	False	False	False	False	False	True	True	True	False	False	False	True	False	False	False	False	False	False	False	False	False	False	False	False	False	False	False	False	False	False	False	False	False	False	False	False	False	False	False	False	False	False	False	False	False	False	False	False	False	False	False	False	False	False	False	False	False	False	False
A0A851HIT1	67	False	False	False	False	False	True	False	False	False	False	False	False	False	False	True	False	False	True	False	False	False	False	False	True	False	False	False	False	False	False	False	False	False	False	False	False	True	True	False	False	False	False	False	False	False	False	False	False	False	False	False	False	False	False	False	True	False	True	True
A0A0M1N0P6	66	False	False	False	False	False	True	True	True	False	False	False	False	False	False	False	False	False	False	False	False	False	True	False	False	False	False	False	False	False	False	False	False	False	False	False	False	False	False	False	False	False	False	False	False	False	False	False	False	False	False	False	False	False	False	False	False	False	False	False
A0A0M1N163	65	False	False	False	False	True	True	True	True	False	False	False	False	False	False	False	False	False	False	False	False	False	False	False	False	False	False	False	False	False	False	False	False	False	False	False	False	False	False	False	False	False	False	False	False	False	False	False	False	False	False	False	False	False	False	False	False	False	False	False
A0A0M1N117	65	False	False	False	False	False	False	True	True	False	False	True	True	False	False	False	False	False	False	False	False	False	False	False	False	False	False	False	False	False	False	False	False	False	False	False	False	False	False	False	False	False	False	False	False	False	False	False	False	False	False	False	False	False	False	False	False	False	False	False
A0A0M1MZA4	64	False	False	False	False	False	True	False	False	False	False	False	False	False	False	False	False	False	False	False	False	False	False	False	False	False	False	False	False	False	False	False	False	False	False	False	False	False	False	False	False	False	False	False	False	False	False	False	False	False	False	False	False	False	False	False	False	False	False	False
A0A0M1MZY8	64	False	False	False	False	False	False	True	False	False	False	True	False	False	False	False	False	False	False	False	False	False	False	False	False	False	False	False	False	False	False	False	False	False	False	True	False	False	False	False	False	False	False	False	False	False	False	False	False	False	False	False	False	False	False	False	False	False	False	False
A0A0M1N0E3	62	False	False	False	False	False	True	True	True	False	False	False	False	False	False	False	False	False	False	False	False	False	False	False	False	False	False	False	False	False	False	False	False	False	False	False	False	False	False	False	False	False	False	False	False	False	False	False	False	False	False	False	False	False	False	False	False	False	False	False
A0A0M1N0W8	62	True	True	False	True	False	True	False	False	False	False	False	False	False	False	False	False	False	False	False	False	False	False	False	False	False	False	False	False	False	False	False	False	False	False	False	False	False	False	False	False	False	False	False	False	False	False	False	False	False	False	False	False	False	False	False	False	False	False	False
A0A851HHM7	62	True	False	False	False	False	False	True	False	True	False	False	True	False	False	False	False	False	False	False	False	False	False	True	False	False	False	False	False	False	False	False	False	False	False	False	False	False	False	False	False	False	False	False	False	False	False	False	False	False	False	False	False	False	False	False	False	False	False	False
A0A0M1N065	62	False	False	False	False	False	True	True	True	False	False	False	False	False	False	False	False	False	False	False	False	False	False	False	False	False	False	False	False	False	False	False	False	False	False	False	False	False	False	False	False	False	False	False	False	False	False	False	False	False	False	False	False	False	False	False	False	False	False	False
A0A0M1MZI0	62	True	False	False	False	False	False	True	False	True	False	False	True	False	False	False	False	False	False	False	False	False	False	True	False	False	False	False	False	False	False	False	False	False	False	False	False	False	False	False	False	False	False	False	False	False	False	False	False	False	False	False	False	False	False	False	False	False	False	False
A0A0M1MZN5	59	False	False	False	False	False	False	False	False	False	False	False	False	False	False	False	False	False	False	False	False	False	False	False	False	False	False	False	False	False	False	False	False	False	False	False	False	False	False	False	False	False	False	False	False	False	False	False	False	False	False	False	False	False	False	False	False	False	False	False
A0A0M1MZF4	58	False	False	False	False	False	True	True	False	False	False	False	False	False	False	False	False	False	False	False	False	False	False	False	False	False	False	False	False	False	False	False	False	False	False	False	False	False	False	False	False	False	False	False	False	False	False	False	False	False	False	False	False	False	False	False	False	False	False	False
A0A0M1N096	58	False	False	False	False	False	False	True	False	True	False	False	False	False	False	False	False	False	False	False	False	False	False	False	False	False	False	False	False	False	False	False	False	False	False	False	False	False	False	False	False	False	False	False	False	False	False	False	False	False	False	False	False	False	False	False	False	False	False	False
A0A0M1N0Z7	57	False	False	False	False	False	True	True	False	False	False	False	False	False	False	False	False	False	False	False	False	False	False	False	False	False	False	False	False	False	False	False	False	False	False	False	False	False	False	False	False	False	False	False	False	False	False	False	False	False	False	False	False	False	False	False	False	False	False	False
A0A0M1MZ92	57	False	True	False	True	False	False	False	False	False	False	False	False	False	False	False	False	False	False	False	False	False	False	False	False	False	False	False	False	False	False	False	False	False	False	False	False	False	False	False	False	False	False	False	False	False	False	False	False	False	False	False	False	False	False	False	False	False	False	False
A0A851HI22	57	True	True	True	False	False	False	True	False	True	False	False	False	False	False	False	False	False	False	False	False	False	False	False	False	False	False	False	False	False	False	False	False	False	False	False	False	False	False	False	False	False	False	False	False	False	False	False	False	False	False	False	False	False	False	False	False	False	False	False
A0A0M1MZG6	57	False	False	False	False	False	True	False	True	False	False	False	False	False	False	False	False	False	False	False	False	False	False	False	False	False	False	False	False	False	False	False	False	False	False	False	False	False	False	False	False	False	False	False	False	False	False	False	False	False	False	False	False	False	False	False	False	False	False	False
A0A851HJV2	57	False	False	False	False	False	False	False	False	False	False	False	False	False	False	True	False	False	True	False	False	False	False	False	True	False	False	False	False	False	False	False	False	False	False	False	False	False	False	False	False	False	False	False	False	False	False	False	False	False	False	False	False	False	False	False	False	False	True	True
A0A0M1MZI2	56	True	True	True	False	False	False	True	True	False	False	False	True	False	False	False	False	False	False	False	False	False	False	False	False	False	False	False	False	False	False	False	False	False	False	False	False	False	False	False	False	False	False	False	False	False	False	False	False	False	False	False	False	False	False	False	False	False	False	False
A0A0M1N094	55	False	True	True	True	False	False	True	True	False	False	False	False	False	False	False	False	False	False	False	False	False	False	False	False	False	False	False	False	False	False	False	False	False	False	False	False	False	False	False	False	False	False	False	False	False	False	False	False	False	False	False	False	False	False	False	False	False	False	False
A0A851HD29	55	False	False	False	False	False	False	True	False	True	False	False	False	False	False	False	False	False	False	False	False	False	False	False	False	False	False	False	False	False	False	False	False	False	False	False	False	False	False	False	False	False	False	False	False	False	False	False	False	False	False	False	False	False	False	False	False	False	False	False
A0A0M1N020	55	False	False	False	False	False	False	True	True	False	False	False	False	False	False	False	False	False	False	False	False	False	False	False	False	False	False	False	False	False	False	False	False	False	False	False	False	False	False	False	False	False	False	False	False	False	False	False	False	False	False	False	False	False	False	False	False	False	False	False
A0A851HJ99	55	False	False	False	False	False	False	True	False	True	False	False	False	False	False	False	False	False	False	False	False	False	False	False	False	False	False	False	False	False	False	False	False	False	False	False	False	False	False	False	False	False	False	False	False	False	False	False	False	False	False	False	False	False	False	False	False	False	False	False
A0A851H9L9	54	True	True	False	True	False	True	True	False	False	False	False	False	False	False	False	False	False	False	False	False	False	False	False	False	False	False	False	False	False	False	False	False	False	False	False	False	False	False	False	False	False	False	False	False	False	False	False	False	False	False	False	False	False	False	False	False	False	False	False
A0A0M1MZV4	54	False	False	False	False	False	False	False	True	False	False	False	False	False	False	False	False	False	False	False	False	False	False	False	False	False	False	False	False	False	False	False	False	False	False	False	False	False	False	False	False	False	False	False	False	False	False	False	False	False	False	False	False	False	False	False	False	False	False	False
D3GB99	86	False	False	False	False	False	False	True	False	False	False	False	True	False	False	False	False	False	False	False	False	False	False	False	False	False	False	False	False	False	False	False	False	False	False	False	False	False	False	False	False	False	False	False	False	False	False	False	False	False	False	False	False	False	False	False	False	False	False	False
E3SFT4	124	False	False	False	False	True	True	True	False	False	False	False	True	False	False	False	False	False	False	False	False	False	False	False	False	False	False	False	False	False	False	False	False	False	False	False	False	False	False	False	False	False	False	False	False	False	False	False	False	False	False	False	False	False	False	False	False	False	False	False
A9XEJ3	88	False	False	False	False	False	True	True	False	False	False	False	False	False	False	False	False	False	False	False	False	False	False	False	False	False	False	False	False	False	False	False	False	False	False	False	False	False	False	False	False	False	False	False	False	False	False	False	False	False	False	False	False	False	False	False	False	False	False	False
L0BIS9	96	False	False	False	False	False	True	True	False	False	False	False	False	False	False	False	False	False	False	False	False	False	False	False	False	False	False	False	False	False	False	False	False	False	False	False	False	False	False	False	False	False	False	False	False	False	False	False	False	False	False	False	False	False	False	False	False	False	False	False
