seq_id	name	sequence length	signal peptide	transmembrane domain	aa in tr domain	first 60 aa	prob N-in	warning signal sequence	MobiDB-lite	PKC_PHOSPHO_SITE	CAMP_PHOSPHO_SITE	CK2_PHOSPHO_SITE	MICROBODIES_CTER	AMIDATION	ASN_GLYCOSYLATION	L=0	LEUCINE_ZIPPER	MYRISTYL	RGD	TYR_PHOSPHO_SITE_1	TYR_PHOSPHO_SITE_2	CLUMP0	CLUMP3	CLUMP5	CLUMP6	CLUMP7	CLUMP8	bin1	bin2	bin3	bin4
sp|B1V9I5|RSMA_PHYAS	non_effector	284	0.0	0	4.78286999999999	0.00091	0.33414	0	0.0	4	1	1	2	0	0	0	0	0	0	0	0	0	0	0	1	1	0	0	0	0	2
sp|B1V9R1|RSGA_PHYAS	non_effector	310	0.0	0	0.65899	0.19791	0.05892	0	0.0	2	0	2	0	0	0	0	0	0	0	0	0	0	0	0	2	0	0	0	1	0	1
sp|B3R0A1|RSGA_PHYMT	non_effector	304	0.0	0	0.14385	0.00171	0.04133	0	0.0	7	1	3	1	0	0	0	0	0	0	0	0	0	1	0	2	4	0	1	2	2	2
sp|P60397|RSMH_ONYPE	non_effector	304	0.0	0	0.00704	0.00098	0.06054	0	0.0	5	0	1	0	0	2	0	0	0	0	0	0	0	0	0	0	3	1	1	0	1	2
sp|Q2NIH4|RSMH_AYWBP	non_effector	303	0.0	0	0.01247	0.00098	0.0611	0	0.0	6	0	2	0	0	1	0	0	0	0	0	0	1	0	0	1	2	1	0	1	2	2
sp|Q2NIH8|RSMA_AYWBP	non_effector	268	0.0	0	0.51016	0.00096	0.28393	0	0.0	6	1	1	1	0	0	0	0	0	0	0	0	0	0	0	1	2	0	2	0	0	1
sp|Q2NIT9|RSGA_AYWBP	non_effector	306	0.0	0	0.0555700000000001	0.02203	0.01036	0	0.0	4	0	3	0	0	0	0	0	0	0	0	0	0	0	0	2	2	0	2	1	0	1
sp|B1V8Z1|RS4_PHYAS	non_effector	198	0.0	0	0.00775	0.0	0.32759	0	0.0	6	0	1	0	0	1	0	0	0	0	0	0	0	1	0	1	2	0	3	1	0	0
sp|B1V910|RSMH_PHYAS	non_effector	303	0.0	0	0.00977999999999999	0.00942	0.03388	0	0.0	4	0	1	1	0	0	0	0	0	0	0	0	1	0	0	0	1	0	1	0	0	1
sp|B1V955|RS6_PHYAS	non_effector	93	0.0	0	0.000650000000000001	5e-05	0.40741	0	0.0	1	0	1	0	0	0	0	0	0	0	0	0	0	0	0	0	1	0	0	1	0	0
sp|B1VA80|RS2_PHYAS	non_effector	260	0.0	0	0.03735	0.0	0.05359	0	21.0	8	0	0	0	0	0	0	0	0	0	0	0	0	0	0	0	4	0	2	2	0	0
sp|B1VAC0|RL17_PHYAS	non_effector	118	0.0	0	0.00127	0.00127	0.18442	0	0.0	1	0	0	0	0	1	0	0	0	1	0	0	0	0	0	0	1	0	0	1	0	0
sp|B1VAC2|RS11_PHYAS	non_effector	128	0.602	0	0.12232	0.12055	0.9101	0	0.0	4	0	1	0	0	0	0	0	0	0	0	0	0	0	0	1	2	0	2	1	0	0
sp|B1VAC9|RL15_PHYAS	non_effector	145	0.0	0	0.00125	0.0	0.1588	0	50.0	8	0	0	0	0	0	0	0	0	0	0	0	0	0	0	0	2	0	1	0	0	1
sp|B1VAD1|RS5_PHYAS	non_effector	171	0.0	0	0.33642	0.00043	0.37914	0	0.0	2	0	1	0	0	0	0	0	0	0	0	0	0	0	0	0	0	1	0	0	0	1
sp|B1VAD2|RL18_PHYAS	non_effector	117	0.601	0	0.10597	0.00969	0.2277	0	0.0	1	0	0	0	0	0	0	0	0	0	0	0	0	0	0	0	0	0	0	0	0	0
sp|B1VAD4|RS8_PHYAS	non_effector	130	0.0	0	0.04319	0.004	0.16909	0	0.0	3	0	0	0	0	0	0	0	0	0	0	0	0	0	0	0	0	0	0	0	0	0
sp|B1VAD5|RS14_PHYAS	non_effector	89	0.0	0	0.0	0.0	0.73564	0	0.0	1	0	0	0	0	0	0	0	0	0	0	0	0	0	0	0	0	0	0	0	0	0
sp|B1VAD7|RL24_PHYAS	non_effector	115	0.0	0	0.0	0.0	0.36756	0	20.0	1	0	0	1	1	0	0	0	0	0	0	0	0	0	0	0	1	0	0	0	0	1
sp|B1VAD8|RL14_PHYAS	non_effector	120	0.0	0	0.03515	0.02643	0.34854	0	0.0	2	1	0	0	0	0	0	0	0	0	0	0	0	0	0	0	1	0	1	0	0	0
sp|B1VAD9|RS17_PHYAS	non_effector	95	0.0	0	0.00016	0.00016	0.72997	0	0.0	4	1	0	0	0	0	0	0	0	0	0	0	0	0	0	0	5	0	3	1	1	0
sp|B1VAE1|RL16_PHYAS	non_effector	140	0.0	0	0.01958	0.0091	0.51042	0	0.0	7	0	0	1	0	0	0	0	0	0	0	0	0	0	0	0	3	0	0	0	1	2
sp|B1VAE2|RS3_PHYAS	non_effector	250	0.0	0	0.03525	0.0	0.04936	0	0.0	6	1	2	0	0	1	0	0	0	0	0	0	0	0	0	1	6	0	3	2	1	1
sp|B1VAE4|RS19_PHYAS	non_effector	93	0.0	0	0.06793	0.06322	0.41686	0	0.0	3	0	0	0	0	0	0	0	0	0	0	0	0	0	0	0	0	0	0	0	0	0
sp|B1VAE5|RL2_PHYAS	non_effector	276	0.0	0	0.00538999999999999	0.0007	0.37164	0	56.0	0	1	0	0	0	0	0	0	0	0	0	0	0	0	0	0	0	0	0	0	0	0
sp|B1VAE6|RL23_PHYAS	non_effector	94	0.0	0	0.0033	0.00091	0.31377	0	0.0	2	0	0	0	0	1	0	0	0	0	0	0	0	0	1	0	0	0	0	0	1	0
sp|B1VAE7|RL4_PHYAS	non_effector	207	0.0	0	0.02151	0.0	0.11426	0	22.0	8	0	0	0	0	1	0	0	0	0	0	0	0	0	0	0	1	0	0	0	1	0
sp|B1VAE8|RL3_PHYAS	non_effector	221	0.0	0	0.01371	0.01052	0.06919	0	35.0	3	1	0	0	1	1	0	0	0	0	0	0	1	0	0	0	1	0	0	1	1	0
sp|B1VAE9|RS10_PHYAS	non_effector	105	0.0	0	0.00381	0.0	0.69868	0	0.0	2	0	0	0	0	0	0	0	0	0	0	0	0	0	0	0	2	0	0	1	1	0
sp|B1VAF5|RL21_PHYAS	non_effector	102	0.0	0	0.0	0.0	0.26286	0	0.0	0	0	0	1	0	0	0	0	0	0	0	0	0	0	0	0	0	0	0	0	0	0
sp|B1VAG0|RS20_PHYAS	non_effector	88	0.0	0	0.00098	0.00098	0.85913	0	20.0	2	0	0	0	0	3	0	0	0	0	0	0	0	1	0	0	1	0	1	0	1	0
sp|B1VAK6|RSMG_PHYAS	non_effector	208	0.0	0	0.01096	0.00475	0.04775	0	0.0	2	0	0	0	1	0	0	0	0	0	0	0	0	0	0	0	2	0	1	0	0	1
sp|B1VAM3|RS7_PHYAS	non_effector	156	0.0	0	0.00018	0.00018	0.6412	0	0.0	5	0	0	0	0	0	0	0	0	0	0	0	0	0	0	0	4	0	1	2	0	1
sp|B1VAM4|RS12_PHYAS	non_effector	139	0.0	0	0.00329	0.00098	0.28925	0	0.0	3	0	1	0	0	1	0	0	0	0	0	0	0	0	1	1	0	0	0	0	2	0
sp|B1VAM7|RL7_PHYAS	non_effector	124	0.0	0	0.0004	0.0	0.11901	0	0.0	0	0	1	0	0	0	0	0	0	0	0	0	0	0	0	0	0	0	0	0	0	0
sp|B1VAM8|RL10_PHYAS	non_effector	166	0.0	0	0.33056	0.0027	0.21369	0	0.0	1	0	1	0	0	0	0	0	0	0	0	0	0	0	1	0	1	0	0	0	1	1
sp|B1VAM9|RL1_PHYAS	non_effector	229	0.0	0	0.04837	0.00016	0.24915	0	0.0	4	0	1	0	0	0	0	0	0	0	0	0	0	0	0	0	1	0	1	0	0	0
sp|B1VAN0|RL11_PHYAS	non_effector	141	0.0	0	0.03356	0.01692	0.55865	0	0.0	2	0	0	0	0	0	0	0	0	0	0	0	0	0	0	0	0	0	0	0	0	0
sp|B3QZG6|RL11_PHYMT	non_effector	141	0.0	0	0.04113	0.02153	0.63441	0	0.0	4	0	0	0	0	0	0	0	0	0	0	0	0	0	0	0	0	0	0	0	0	0
sp|B3QZG8|RL10_PHYMT	non_effector	162	0.0	0	11.50818	0.24647	0.18104	0	0.0	2	0	0	0	0	0	0	0	0	0	0	0	0	0	0	0	2	0	1	0	1	0
sp|B3QZG9|RL7_PHYMT	non_effector	127	0.0	0	0.00017	0.0	0.35717	0	0.0	4	0	1	0	0	0	0	0	0	0	0	0	0	0	0	0	1	0	1	0	0	0
sp|B3QZH2|RS12_PHYMT	non_effector	137	0.0	0	0.00489	0.0	0.31414	0	0.0	2	1	1	0	0	0	0	0	0	0	0	0	0	0	0	1	2	0	0	0	1	2
sp|B3QZH3|RS7_PHYMT	non_effector	156	0.0	0	0.00027	0.00027	0.64568	0	0.0	1	2	0	0	0	1	0	0	0	0	0	0	0	0	0	0	2	0	0	1	1	0
sp|B3QZT4|RL21_PHYMT	non_effector	102	0.0	0	0.00212	0.00201	0.29621	0	0.0	1	0	0	1	0	0	0	0	0	0	0	0	0	0	0	0	1	0	0	0	0	1
sp|B3QZW0|RS4_PHYMT	non_effector	199	0.0	0	0.00908	0.0	0.28161	0	0.0	5	0	2	0	0	0	0	0	0	0	0	0	0	0	0	2	2	0	2	1	1	0
sp|B3QZZ1|RL3_PHYMT	non_effector	219	0.0	0	0.00103	0.00103	0.08482	0	31.0	6	0	1	0	1	0	0	0	0	0	0	0	0	0	0	0	3	0	2	0	1	0
sp|B3QZZ2|RL4_PHYMT	non_effector	207	0.0	0	0.11587	0.00017	0.18635	0	22.0	7	0	1	0	0	1	0	0	0	0	0	0	1	0	0	1	1	0	1	0	2	0
sp|B3QZZ5|RS19_PHYMT	non_effector	93	0.0	0	0.00354	0.00316	0.39303	0	21.0	3	0	0	1	0	0	0	0	0	0	0	0	0	0	0	0	1	0	0	1	0	0
sp|B3QZZ6|RL22_PHYMT	non_effector	131	0.0	0	0.01123	0.01117	0.41796	0	0.0	1	1	0	1	0	0	0	0	0	0	0	0	1	0	0	0	0	0	0	1	0	0
sp|B3QZZ7|RS3_PHYMT	non_effector	245	0.0	0	0.00426	0.0	0.04589	0	0.0	5	1	0	0	0	1	0	0	0	0	0	0	0	0	0	0	3	0	1	1	0	1
sp|B3QZZ8|RL16_PHYMT	non_effector	140	0.0	0	0.0111	0.00403	0.54513	0	0.0	6	0	0	1	0	1	0	0	0	0	0	0	1	0	0	0	2	0	0	0	1	2
sp|B3R000|RS17_PHYMT	non_effector	89	0.0	0	0.00183	0.00183	0.56493	0	0.0	5	0	0	0	0	0	0	0	0	0	0	0	0	0	0	0	4	0	2	1	1	1
sp|B3R001|RL14_PHYMT	non_effector	122	0.0	0	17.05916	16.976	0.76569	1	0.0	1	1	0	1	0	0	0	0	0	0	0	0	0	0	0	0	0	0	0	0	0	0
sp|B3R002|RL24_PHYMT	non_effector	115	0.0	0	0.0006	0.0	0.238	0	0.0	2	0	0	0	0	0	0	0	0	0	0	0	0	0	0	0	0	0	0	0	0	0
sp|B3R005|RS8_PHYMT	non_effector	130	0.0	0	0.06388	0.00235	0.30901	0	0.0	2	1	0	0	0	0	0	0	0	0	0	0	0	0	0	0	0	0	0	0	0	0
sp|B3R006|RL6_PHYMT	non_effector	181	0.0	0	0.00173	0.00056	0.35003	0	0.0	4	0	0	0	0	0	0	0	0	0	0	0	0	0	0	0	1	0	0	0	0	1
sp|B3R007|RL18_PHYMT	non_effector	117	0.0	0	0.00849	0.0	0.28961	0	0.0	2	1	0	0	0	2	0	0	0	0	0	0	1	0	0	0	1	0	0	0	1	1
sp|B3R010|RL15_PHYMT	non_effector	146	0.0	0	0.00182	0.0	0.08269	0	46.0	5	1	0	0	0	1	0	0	0	0	0	0	2	0	0	0	2	0	0	1	1	2
sp|B3R015|RS13_PHYMT	non_effector	127	0.0	0	0.01728	0.01728	0.17921	0	0.0	2	0	0	0	0	0	0	0	0	0	0	0	0	0	0	0	0	0	0	0	0	0
sp|B3R016|RS11_PHYMT	non_effector	130	0.627	0	0.703519999999999	0.70059	0.68577	0	0.0	3	0	1	0	0	0	0	0	0	0	0	0	1	0	0	1	1	0	1	2	0	0
sp|B3R018|RL17_PHYMT	non_effector	118	0.0	0	0.0008	0.0	0.62543	0	0.0	1	0	0	0	0	0	0	0	0	1	0	0	1	0	0	0	1	0	0	0	2	0
sp|B3R0F6|RS20_PHYMT	non_effector	87	0.0	0	0.0	0.0	0.78558	0	21.0	4	0	0	0	0	3	0	0	0	0	0	0	1	0	0	0	2	0	0	1	1	1
sp|B3R0G4|RL31_PHYMT	non_effector	69	0.0	0	0.00102	0.00102	0.59047	0	0.0	0	0	0	0	0	0	0	0	0	0	0	0	0	0	0	0	0	0	0	0	0	0
sp|B3R0K3|RS6_PHYMT	non_effector	94	0.0	0	0.02126	0.00562	0.38297	0	0.0	0	0	0	0	0	0	0	0	0	0	0	0	0	0	0	0	0	0	0	0	0	0
sp|B3R0Q2|RSMH_PHYMT	non_effector	300	0.0	0	0.0642500000000001	0.01747	0.01095	0	0.0	5	0	1	0	0	1	0	0	0	0	0	0	1	0	0	1	2	0	1	0	2	2
sp|O66093|RS19_PHYS1	non_effector	28	0.0	0	0.0	0.0	0.43449	0	28.0	1	0	0	0	0	0	0	0	0	0	0	0	0	0	0	0	0	0	0	0	0	0
sp|O66094|RL22_PHYS1	non_effector	131	0.0	0	0.67218	0.6497	0.55038	0	0.0	1	1	0	0	0	0	0	0	0	0	0	0	0	0	0	0	0	0	0	0	0	0
sp|O66095|RS3_PHYS1	non_effector	251	0.0	0	0.15543	0.00018	0.04763	0	0.0	7	0	2	0	0	1	0	0	0	0	0	0	0	0	0	1	6	0	2	3	0	2
sp|O66097|RL22_PHYS2	non_effector	129	0.0	0	0.31941	0.31321	0.51762	0	0.0	2	1	1	0	0	0	0	0	0	0	0	0	0	0	0	0	0	1	0	0	0	1
sp|O66098|RS3_PHYS2	non_effector	252	0.0	0	0.03468	0.00018	0.06116	0	31.0	5	0	2	0	0	0	0	0	0	0	0	0	0	0	0	1	4	0	1	3	0	1
sp|P0A4C1|RS3_ELMPH	non_effector	250	0.0	0	0.06275	0.0	0.04226	0	0.0	3	0	2	0	0	0	0	0	0	0	0	0	0	0	0	1	0	1	2	0	0	0
sp|P60743|RL24_ONYPE	non_effector	79	0.0	0	0.00023	0.00023	0.16952	0	29.0	2	0	0	0	0	1	0	0	0	0	0	0	1	0	0	0	0	0	0	0	0	1
sp|P61067|RL4_ONYPE	non_effector	207	0.0	0	0.0208	0.0	0.1126	0	22.0	7	0	0	0	0	1	0	0	0	0	0	0	2	0	0	0	2	0	1	0	3	0
sp|P62439|RL11_ONYPE	non_effector	141	0.0	0	0.02966	0.01633	0.65272	0	0.0	4	0	0	0	0	0	0	0	0	0	0	0	0	0	0	0	1	0	0	0	1	0
sp|Q2NIG6|RL20_AYWBP	non_effector	227	0.0	0	9.51792999999999	0.50768	0.55409	0	0.0	2	0	0	0	0	1	0	0	0	0	0	0	0	0	1	0	0	0	0	0	1	0
sp|Q2NIJ3|RS20_AYWBP	non_effector	86	0.0	0	0.00095	0.00095	0.86429	0	20.0	4	0	0	0	0	3	0	0	0	0	0	0	0	1	0	0	2	0	1	0	1	1
sp|Q2NIJ7|RL21_AYWBP	non_effector	102	0.0	0	0.00803	0.008	0.24904	0	0.0	0	0	0	1	0	0	0	0	0	0	0	0	0	0	0	0	0	0	0	0	0	0
sp|Q2NIM2|RL31_AYWBP	non_effector	90	0.0	0	0.00385	0.00385	0.37212	0	20.0	1	0	0	0	0	0	0	0	0	0	0	0	0	0	0	0	0	0	0	0	0	0
sp|Q2NIP1|RS15_AYWBP	non_effector	74	0.0	0	0.0	0.0	0.5885	0	0.0	2	0	0	0	0	0	0	0	0	0	0	0	0	0	0	0	1	0	0	0	1	1
sp|Q2NIV4|RL3_AYWBP	non_effector	221	0.0	0	0.0208799999999999	0.00549	0.07245	0	34.0	4	1	0	0	1	0	0	0	0	0	0	0	0	0	0	0	2	0	0	0	1	1
sp|Q2NIV6|RL23_AYWBP	non_effector	96	0.0	0	0.00129	0.00123	0.54691	0	0.0	2	0	0	0	0	0	0	0	0	0	0	0	0	0	0	0	0	0	0	0	0	0
sp|Q2NIV7|RL2_AYWBP	non_effector	276	0.0	0	0.00626	0.00018	0.481	0	56.0	3	1	0	0	0	0	0	0	0	0	0	0	0	0	0	0	1	0	1	0	0	0
sp|Q2NIW3|RS17_AYWBP	non_effector	87	0.0	0	0.0	0.0	0.60239	0	0.0	3	0	0	0	0	0	0	0	0	0	0	0	0	0	0	0	3	0	1	1	0	1
sp|Q2NIW4|RL14_AYWBP	non_effector	120	0.0	0	0.01002	0.00849999999999999	0.27637	0	0.0	5	1	0	0	0	0	0	0	0	0	0	0	0	0	0	0	3	0	1	0	1	1
sp|Q2NIW5|RL24_AYWBP	non_effector	115	0.0	0	0.00018	0.00018	0.38559	0	0.0	5	0	0	0	0	1	0	0	0	0	0	0	1	0	0	0	1	0	0	1	0	1
sp|Q2NIW6|RL5_AYWBP	non_effector	181	0.0	0	0.00338	0.00298	0.2288	0	0.0	4	0	0	0	0	0	0	0	0	0	0	0	0	0	0	0	0	0	0	0	0	0
sp|Q2NIW7|RS14_AYWBP	non_effector	89	0.0	0	0.00018	1e-05	0.72121	0	0.0	0	0	0	0	0	0	0	0	0	0	0	0	0	0	0	0	0	0	0	0	0	0
sp|Q2NIW8|RS8_AYWBP	non_effector	130	0.0	0	0.03851	0.01849	0.17056	0	0.0	3	0	0	0	0	0	0	0	0	0	0	0	0	0	0	0	0	0	0	0	0	0
sp|Q2NIW9|RL6_AYWBP	non_effector	184	0.0	0	0.01634	0.0	0.33572	0	0.0	5	0	0	0	0	0	0	0	0	0	0	0	0	0	0	0	1	0	0	0	0	1
sp|Q2NIX0|RL18_AYWBP	non_effector	117	0.616	0	0.00232	1e-05	0.3286	0	0.0	1	0	0	0	0	0	0	0	0	0	0	0	0	0	0	0	0	0	0	0	0	0
sp|Q2NIX1|RS5_AYWBP	non_effector	185	0.0	0	0.02454	0.00042	0.09303	0	0.0	2	0	2	0	0	0	0	0	0	0	0	0	0	0	0	0	0	1	0	0	0	1
sp|Q2NIX2|RL30_AYWBP	non_effector	65	0.0	0	0.01043	0.01033	0.56862	0	0.0	0	0	0	0	0	0	0	0	0	0	0	0	0	0	0	0	0	0	0	0	0	0
sp|Q2NIX3|RL15_AYWBP	non_effector	145	0.0	0	0.00078	0.0	0.19202	0	50.0	9	0	0	0	0	0	0	0	0	0	0	0	0	0	0	0	2	0	1	0	0	1
sp|Q2NIX9|RS13_AYWBP	non_effector	126	0.0	0	0.33382	0.33382	0.20977	0	33.0	3	0	0	0	0	1	0	0	0	0	0	0	0	0	0	1	2	0	2	1	0	0
sp|Q2NIY2|RL17_AYWBP	non_effector	118	0.0	0	0.00018	0.00018	0.18167	0	0.0	3	1	0	0	0	2	0	0	0	1	0	0	1	0	0	0	3	0	0	3	1	0
sp|Q2NJ12|RL1_AYWBP	non_effector	230	0.0	0	0.04489	0.00027	0.24067	0	0.0	3	0	0	0	1	0	0	0	0	0	0	0	0	0	0	0	1	0	1	0	0	0
sp|Q2NJ17|RS12_AYWBP	non_effector	139	0.0	0	0.00381	0.0	0.33072	0	21.0	3	0	1	0	0	1	0	0	0	0	0	0	0	0	1	1	0	0	0	0	2	0
sp|Q2NJ18|RS7_AYWBP	non_effector	156	0.0	0	0.0	0.0	0.6412	0	0.0	5	0	1	0	0	0	0	0	0	0	0	0	0	0	0	0	3	0	1	1	0	1
sp|Q2NJ22|RSMG_AYWBP	non_effector	212	0.0	0	0.02204	0.00151	0.04424	0	0.0	4	0	1	0	0	1	0	0	0	0	0	0	1	0	0	1	1	0	2	0	0	1
sp|Q2NJG8|RL19_AYWBP	non_effector	118	0.0	0	0.01923	0.00019	0.22822	0	0.0	2	0	0	0	0	0	0	0	0	0	0	0	0	0	0	0	0	0	0	0	0	0
sp|Q2NJN5|RS4_AYWBP	non_effector	198	0.0	0	0.00515	0.0	0.17843	0	0.0	4	0	0	0	0	0	0	0	0	0	0	0	0	0	0	0	2	0	1	1	0	0
sp|Q2NK14|RS21_AYWBP	non_effector	57	0.0	0	0.0	0.0	0.83438	0	24.0	2	0	1	0	0	0	0	0	0	0	0	0	0	0	0	1	1	0	1	0	0	1
sp|Q2NKC0|RL9_AYWBP	non_effector	849	0.659	2	42.8495400000003	19.49047	0.01767	1	0.0	11	2	6	0	1	1	0	0	0	0	0	0	0	1	1	2	5	1	3	1	3	3
sp|Q2NKC1|RS18_AYWBP	non_effector	79	0.613	0	0.00057	4e-05	0.66273	0	0.0	4	1	1	1	0	0	0	0	0	0	0	0	0	0	0	1	3	0	1	2	1	0
sp|Q2NKC3|RS6_AYWBP	non_effector	95	0.0	0	0.00089	1e-05	0.40699	0	0.0	0	0	0	0	0	0	0	0	0	0	0	0	0	0	0	0	0	0	0	0	0	0
sp|Q44592|RS19_ASHYP	non_effector	13	0.0	0	0.0	0.0	0.6907	0	0.0	0	0	0	0	0	0	0	0	0	0	0	0	0	0	0	0	0	0	0	0	0	0
sp|Q44593|RL22_ASHYP	non_effector	91	0.0	0	0.00625	0.0059	0.68332	0	0.0	0	0	0	0	1	0	0	0	0	0	0	0	0	0	0	0	1	0	0	1	0	0
sp|Q46228|RS19_CLOPP	non_effector	14	0.0	0	0.0	0.0	0.81407	0	0.0	0	0	0	0	0	0	0	0	0	0	0	0	0	0	0	0	0	0	0	0	0	0
sp|Q46229|RL22_CLOPP	non_effector	79	0.0	0	0.01665	0.01588	0.54054	0	0.0	0	0	0	0	0	0	0	0	0	0	0	0	0	0	0	0	0	0	0	0	0	0
sp|Q46491|RL22_CLYEP	non_effector	91	0.0	0	0.01198	0.01171	0.60274	0	0.0	2	0	1	0	0	1	0	0	0	0	0	0	0	1	0	1	0	0	0	0	2	0
sp|Q47881|RS19_ELYEP	non_effector	12	0.0	0	0.0	0.0	0.72757	0	0.0	1	0	0	0	0	0	0	0	0	0	0	0	0	0	0	0	1	0	0	0	1	0
sp|Q48879|RL22_LOWBP	non_effector	91	0.0	0	0.00338	0.00336	0.5189	0	0.0	2	0	0	0	0	0	0	0	0	0	0	0	0	0	0	0	0	0	0	0	0	0
sp|Q52093|RS19_PPWBP	non_effector	14	0.0	0	0.0	0.0	0.72573	0	0.0	1	0	0	0	0	0	0	0	0	0	0	0	0	0	0	0	1	0	0	1	0	0
sp|Q52094|RL22_PPWBP	non_effector	91	0.0	0	0.0449900000000001	0.04394	0.65177	0	0.0	1	0	0	0	0	1	0	0	0	0	0	0	0	1	0	0	0	0	0	0	1	0
sp|Q56251|RS19_TOBBP	non_effector	12	0.0	0	0.0	0.0	0.93779	0	0.0	0	0	0	0	0	0	0	0	0	0	0	0	0	0	0	0	0	0	0	0	0	0
sp|Q6YPI5|RL20_ONYPE	non_effector	207	0.0	1	17.68364	0.80173	0.86688	0	45.0	1	0	0	0	0	0	0	0	0	0	0	0	0	0	0	0	0	0	0	0	0	0
sp|Q6YQW5|RL10_ONYPE	non_effector	169	0.0	0	11.11151	0.24892	0.19901	0	0.0	3	0	2	0	0	0	0	0	0	0	0	0	0	0	1	1	2	0	1	0	2	1
sp|Q6YR19|RS10_ONYPE	non_effector	107	0.0	0	0.004	0.0	0.6911	0	0.0	3	0	0	0	0	0	0	0	0	0	0	0	0	0	0	0	2	0	0	1	1	0
sp|Q6YR51|RS2_ONYPE	non_effector	271	0.0	0	0.0236	0.00089	0.05159	0	37.0	5	0	1	0	0	0	0	0	0	0	0	0	0	0	0	0	2	1	2	1	0	0
sp|Q6YRB0|RL31_ONYPE	non_effector	93	0.0	0	0.00082	0.00082	0.28291	0	22.0	1	0	1	0	0	0	0	0	0	0	0	0	0	0	0	0	0	1	0	0	0	1
sp|Q847S1|RL18_ASTYP	non_effector	114	0.0	0	0.4612	0.0002	0.89427	0	0.0	6	1	0	0	0	0	0	0	0	0	0	0	0	0	0	0	2	0	0	1	1	0
sp|B1VA58|RS9_PHYAS	non_effector	130	0.0	0	0.1067	0.00998	0.3359	0	0.0	5	0	1	0	0	0	0	0	0	0	0	0	0	0	0	1	2	0	0	2	0	1
sp|B1VAB0|RS16_PHYAS	non_effector	91	0.0	0	0.00034	0.00034	0.49456	0	0.0	2	0	0	0	0	0	0	0	0	0	0	0	0	0	0	0	0	0	0	0	0	0
sp|B1VAC4|RL36_PHYAS	non_effector	38	0.0	0	0.0	0.0	0.92351	0	0.0	1	1	0	0	0	0	0	0	0	0	0	0	0	0	0	0	1	0	1	0	0	0
sp|B1VAF0|RL32_PHYAS	non_effector	65	0.0	0	0.00199	0.00199	0.51877	0	0.0	2	0	0	0	0	0	0	0	0	0	0	0	0	0	0	0	0	0	0	0	0	0
sp|B1VAF3|RL27_PHYAS	non_effector	93	0.0	0	0.0627	0.01804	0.057	0	0.0	4	0	0	1	0	0	0	0	0	0	0	0	0	0	0	0	2	0	1	1	0	1
sp|B1VAH9|RS21_PHYAS	non_effector	57	0.0	0	0.0	0.0	0.66612	0	0.0	1	0	0	0	0	0	0	0	0	0	0	0	0	0	0	0	0	0	0	0	0	0
sp|B1VAN8|RL34_PHYAS	non_effector	44	0.584	0	0.02931	0.02931	0.77187	0	0.0	0	0	0	0	0	0	0	0	0	0	0	0	0	0	0	0	0	0	0	0	0	0
sp|B3QZF8|RL34_PHYMT	non_effector	44	0.0	0	0.00552	0.00552	0.79588	0	0.0	0	0	0	0	0	0	0	0	0	0	0	0	0	0	0	0	0	0	0	0	0	0
sp|B3QZS8|RL28_PHYMT	non_effector	62	0.0	0	0.0	0.0	0.7238	0	0.0	4	0	0	0	0	0	0	0	0	0	0	0	0	0	0	0	0	0	0	0	0	0
sp|B3QZT2|RL27_PHYMT	non_effector	96	0.0	0	0.32746	0.08777	0.06334	0	0.0	4	0	0	2	0	0	0	0	0	0	0	0	0	0	0	0	2	0	1	1	0	0
sp|B3QZV0|RS21_PHYMT	non_effector	55	0.0	0	0.0	0.0	0.72928	0	0.0	2	0	1	0	0	0	0	0	0	0	0	0	0	0	0	1	0	0	1	0	0	0
sp|B3QZV8|RL32_PHYMT	non_effector	61	0.578	0	0.95234	0.95234	0.59861	0	0.0	2	0	0	0	0	0	0	0	0	0	0	0	0	0	0	0	0	0	0	0	0	0
sp|B3R014|RL36_PHYMT	non_effector	38	0.0	0	0.0	0.0	0.92033	0	0.0	1	1	0	0	0	0	0	0	0	0	0	0	0	0	0	0	1	0	1	0	0	0
sp|B3R0P0|RS16_PHYMT	non_effector	81	0.0	0	0.05753	0.01778	0.51077	0	0.0	2	0	0	0	0	0	0	0	0	0	0	0	1	0	0	0	0	0	0	0	1	0
sp|B3R0P5|RL35_PHYMT	non_effector	65	0.583	0	0.0	0.0	0.49059	0	0.0	1	0	0	1	0	0	0	0	0	0	0	0	0	0	0	0	0	0	0	0	0	0
sp|P62235|RS16_ONYPE	non_effector	87	0.0	0	0.00032	0.00032	0.49177	0	0.0	1	0	0	0	0	0	0	0	0	0	0	0	0	0	0	0	0	0	0	0	0	0
sp|Q2NIG5|RL35_AYWBP	non_effector	68	0.582	0	0.0	0.0	0.7502	0	0.0	2	0	0	1	0	0	0	0	0	0	0	0	0	0	0	0	1	0	0	1	0	0
sp|Q2NIJ9|RL27_AYWBP	non_effector	92	0.0	0	0.00019	3e-05	0.04793	0	0.0	3	0	0	1	0	0	0	0	0	0	0	0	0	0	0	0	2	0	1	1	0	0
sp|Q2NIM3|RL28_AYWBP	non_effector	62	0.0	0	0.0	0.0	0.77528	0	0.0	3	0	0	0	0	1	0	0	0	0	0	0	0	0	0	0	1	0	0	1	0	0
sp|Q2NIP5|RS9_AYWBP	non_effector	130	0.0	0	0.02468	0.00356	0.37586	0	0.0	4	0	0	0	0	0	0	0	0	0	0	0	0	0	0	0	2	0	0	1	0	1
sp|Q2NIV1|RL32_AYWBP	non_effector	68	0.0	0	0.12192	0.12192	0.49565	0	0.0	2	0	0	0	0	0	0	0	0	0	0	0	0	0	0	0	0	0	0	0	0	0
sp|Q2NJ02|RL34_AYWBP	non_effector	44	0.579	0	0.00946	0.00946	0.78305	0	0.0	0	0	0	0	0	0	0	0	0	0	0	0	0	0	0	0	0	0	0	0	0	0
sp|Q847R1|RS21_ASTYP	non_effector	65	0.0	0	0.0	0.0	0.41859	0	0.0	1	0	0	0	0	0	0	0	0	0	0	0	0	0	0	0	1	0	0	0	1	0
sp|B1V924|ACKA_PHYAS	non_effector	396	0.0	0	1.14352	0.0002	0.04062	0	0.0	5	0	2	0	0	1	0	0	0	0	0	0	0	0	0	0	0	0	0	0	0	0
sp|B3QZW9|ACKA_PHYMT	non_effector	391	0.0	0	0.757419999999999	0.0	0.03098	0	0.0	7	1	2	0	0	3	0	0	0	0	0	0	2	1	0	1	2	0	2	1	2	1
sp|Q2NIR6|ACKA_AYWBP	non_effector	410	0.0	0	0.47277	0.00145	0.01849	0	0.0	8	0	4	0	0	2	0	0	0	0	0	0	0	0	1	1	2	1	1	0	3	1
sp|B1V8R6|ENO_PHYAS	non_effector	430	0.0	0	0.0551200000000001	0.0	0.00992	0	0.0	7	1	4	0	0	2	0	0	0	0	0	0	0	0	0	2	6	1	2	1	5	2
sp|B1V8W6|SYT_PHYAS	non_effector	641	0.0	0	0.594929999999999	0.0	0.00121	0	0.0	6	1	4	0	0	1	0	0	0	0	0	0	0	0	0	3	1	0	2	0	1	1
sp|B1V8Z6|TSAD_PHYAS	non_effector	328	0.0	0	1.30746	5e-05	0.05443	0	0.0	4	0	2	1	0	1	0	0	0	0	0	0	0	1	0	2	2	0	1	2	1	1
sp|B1V975|GLYA_PHYAS	non_effector	413	0.0	0	0.01442	0.0	0.00509	0	0.0	10	0	1	1	0	0	0	0	0	0	0	0	0	0	0	1	2	0	1	1	1	0
sp|B1V9C5|LEPA_PHYAS	non_effector	605	0.0	0	0.0275299999999999	0.00379	0.00627	0	0.0	9	0	0	2	1	2	0	0	0	0	0	0	0	1	0	0	2	0	1	0	0	2
sp|B1V9H9|PLSY_PHYAS	non_effector	225	0.0	6	127.24629	28.04117	0.90559	1	0.0	1	0	0	0	0	0	0	0	0	0	0	0	0	0	0	0	1	0	1	0	0	0
sp|B1VA59|SYE_PHYAS	non_effector	448	0.0	0	0.374850000000001	0.28955	0.03792	0	0.0	4	1	2	0	0	2	0	0	0	0	0	0	0	0	0	2	3	0	1	2	0	2
sp|B1VA75|TPIS_PHYAS	non_effector	268	0.0	0	0.01371	0.00029	0.15382	0	0.0	4	0	1	0	0	1	0	0	0	0	0	0	0	1	1	0	1	0	1	1	1	0
sp|B1VA93|SYFA_PHYAS	non_effector	343	0.0	0	0.0102	0.0	0.02323	0	0.0	5	0	0	0	0	1	0	0	0	0	0	0	1	0	0	0	3	0	3	0	0	1
sp|B1VA97|SYK_PHYAS	non_effector	497	0.0	0	0.05032	0.0	0.02214	0	0.0	6	3	2	0	0	0	0	0	0	0	0	0	0	0	0	1	3	1	1	0	3	1
sp|B1VAA7|SYY_PHYAS	non_effector	415	0.0	0	0.0594700000000001	0.00621	0.00891	0	0.0	3	3	4	0	1	3	0	0	0	0	0	0	3	0	0	1	5	0	0	3	0	6
sp|B1VAC7|KAD_PHYAS	non_effector	217	0.0	0	0.00883	0.00421	0.0027	0	0.0	3	0	0	0	0	0	0	0	0	0	0	0	0	0	0	0	2	0	1	0	0	2
sp|B1VAJ9|MIAA_PHYAS	non_effector	290	0.0	0	0.25815	0.00149	0.05502	0	0.0	7	0	2	0	0	0	0	0	0	0	0	0	0	0	0	1	1	1	1	0	1	1
sp|B1VAN5|PNP_PHYAS	non_effector	710	0.0	0	0.07935	0.00436	0.00332	0	0.0	11	0	2	0	0	0	0	0	0	0	0	0	0	0	0	2	4	0	0	4	2	1
sp|B1VAP5|GPDA_PHYAS	non_effector	329	0.0	0	0.63679	0.0307	0.02182	0	0.0	2	0	1	0	0	0	0	0	0	0	0	0	0	0	0	1	0	0	1	0	0	0
sp|B1VAX7|MNMA_PHYAS	non_effector	375	0.0	0	0.02652	0.02401	0.01134	0	0.0	4	1	1	0	0	0	0	0	0	0	0	0	0	0	0	1	3	0	1	1	1	1
sp|B1VAY1|DNLJ_PHYAS	non_effector	670	0.0	0	0.00435999999999999	0.0	0.0003	0	0.0	11	2	2	0	0	4	0	0	0	0	0	0	2	0	0	0	1	1	0	2	2	0
sp|B3QZG1|PNP_PHYMT	non_effector	728	0.0	0	0.33084	0.04828	0.00826	0	0.0	8	0	4	1	0	2	0	0	0	0	0	0	1	0	0	3	3	0	1	3	1	2
sp|B3QZS5|DNLJ_PHYMT	non_effector	659	0.0	0	0.07077	0.0	0.00145	0	0.0	11	3	2	2	0	3	0	0	0	1	0	0	0	0	0	1	4	0	2	1	2	0
sp|B3QZT1|OBG_PHYMT	non_effector	421	0.0	0	0.01281	0.00021	0.00491	0	0.0	6	0	1	0	0	2	0	0	0	0	0	0	0	0	0	1	1	0	0	0	0	2
sp|B3QZT9|LEPA_PHYMT	non_effector	605	0.0	0	1.10937	0.00268	0.02513	0	0.0	10	0	3	1	0	1	0	0	0	1	0	0	0	2	1	0	3	0	1	1	3	1
sp|B3QZX0|TYSY_PHYMT	non_effector	288	0.0	1	18.48603	0.01235	0.78058	0	0.0	3	0	2	0	0	1	0	0	0	0	0	0	0	0	0	1	2	0	1	1	1	0
sp|B3R022|TRUA_PHYMT	non_effector	244	0.0	0	3.08355	0.00287	0.12717	0	0.0	4	0	0	1	0	0	0	0	0	0	0	0	0	0	0	0	2	0	1	1	0	0
sp|B3R075|RNC_PHYMT	non_effector	225	0.0	0	12.2174	0.12482	0.50847	0	0.0	4	0	0	0	0	1	0	0	0	0	0	0	2	0	0	0	2	0	0	4	0	1
sp|B3R0D7|SYY_PHYMT	non_effector	417	0.0	0	4.07645999999999	4.03892	0.18166	0	0.0	1	0	3	0	0	1	0	0	0	0	0	0	2	0	0	1	2	0	0	3	2	0
sp|B3R0E3|GPDA_PHYMT	non_effector	331	0.0	0	0.13693	0.00826	0.01177	0	0.0	2	0	1	0	0	2	0	0	0	0	0	0	0	0	1	1	0	0	1	0	0	1
sp|B3R0E8|MIAA_PHYMT	non_effector	299	0.0	0	0.82656	0.00132	0.06689	0	0.0	6	1	0	0	0	1	0	0	0	0	0	0	0	0	0	1	2	0	0	1	1	1
sp|B3R0F3|RNH3_PHYMT	non_effector	288	0.0	0	1.87171	0.00134	0.06839	0	0.0	4	0	1	0	0	1	0	0	0	0	0	0	1	0	0	1	1	0	1	1	0	2
sp|B3R0F5|SYS_PHYMT	non_effector	423	0.0	0	0.08188	0.0	0.00457	0	0.0	5	0	2	0	0	1	0	0	0	0	0	0	0	0	2	0	1	0	1	1	0	1
sp|B3R0G5|GLYA_PHYMT	non_effector	419	0.0	0	0.06984	0.0	0.01398	0	0.0	7	1	0	1	0	0	0	0	0	0	0	0	0	0	0	0	1	0	0	0	1	0
sp|B3R0I8|SYT_PHYMT	non_effector	640	0.0	0	5.81486	0.0	0.00202	0	0.0	8	1	1	2	0	2	0	0	0	0	0	0	1	1	0	1	2	0	2	1	1	1
sp|B3R0M3|TSAD_PHYMT	non_effector	329	0.0	0	8.61285999999997	0.00019	0.21541	0	0.0	5	1	1	1	0	2	0	0	0	0	0	0	0	1	0	1	1	0	1	0	1	1
sp|P60351|TRUA_ONYPE	non_effector	243	0.0	0	0.48049	0.00087	0.02577	0	0.0	6	1	1	0	0	1	0	0	0	0	0	0	0	0	0	0	4	0	1	1	1	1
sp|P60792|LEPA_ONYPE	non_effector	605	0.0	0	0.02821	0.00233	0.00263	0	0.0	11	0	1	0	1	3	0	0	0	0	0	0	0	1	1	1	2	0	1	0	1	3
sp|P60823|PLSY_ONYPE	non_effector	172	0.0	5	103.3423	28.19133	0.05347	1	0.0	2	0	0	0	0	0	0	0	0	0	0	0	0	0	0	0	0	0	0	0	0	0
sp|P62417|PGK_ONYPE	non_effector	398	0.0	0	0.0182	0.00022	0.02188	0	0.0	3	1	1	0	0	2	0	0	0	0	0	0	1	0	1	0	2	0	1	1	1	1
sp|Q2NIG1|MNME_AYWBP	non_effector	460	0.0	0	0.05472	0.04969	0.00344	0	0.0	5	0	2	0	0	1	0	0	0	0	0	0	1	0	0	1	4	0	2	1	3	0
sp|Q2NIG3|SYT_AYWBP	non_effector	641	0.0	0	0.335920000000001	0.0002	0.00057	0	0.0	8	0	3	0	0	1	0	0	0	0	0	0	0	0	0	3	2	0	1	0	4	0
sp|Q2NIJ4|SYS_AYWBP	non_effector	424	0.0	0	0.04612	0.0	0.00342	0	0.0	4	0	0	0	0	0	0	0	0	0	0	0	0	0	0	0	1	0	0	1	0	0
sp|Q2NIM6|CH60_AYWBP	non_effector	536	0.0	0	0.49539	0.00119	0.00567	0	0.0	6	0	0	0	0	3	0	0	0	0	0	0	2	0	1	0	2	0	2	1	3	0
sp|Q2NIM9|MNMA_AYWBP	non_effector	378	0.0	0	0.17897	0.14176	0.0134	0	0.0	6	1	2	0	1	2	0	0	0	0	0	0	0	0	0	1	6	0	1	0	3	3
sp|Q2NIP6|SYE_AYWBP	non_effector	449	0.0	0	0.52188	0.24234	0.04491	0	0.0	5	1	1	0	0	2	0	0	0	0	0	0	0	0	2	0	3	0	2	1	1	1
sp|Q2NIP7|SYC_AYWBP	non_effector	438	0.0	0	0.84552	0.01908	0.0162	0	0.0	5	1	2	1	0	2	0	0	0	0	0	0	0	1	0	2	4	0	3	0	1	3
sp|Q2NIS4|PYRH_AYWBP	non_effector	241	0.0	0	0.29785	0.02304	0.08343	0	0.0	3	0	0	0	0	0	0	0	0	0	0	0	0	0	0	0	0	0	0	0	0	0
sp|Q2NIS7|TPIS_AYWBP	non_effector	274	0.0	0	0.36426	0.00191	0.18932	0	0.0	3	0	1	0	0	1	0	0	0	0	0	0	0	0	1	0	1	0	0	1	1	0
sp|Q2NIT5|ECFA_AYWBP	non_effector	271	0.0	0	0.04011	0.03245	0.03847	0	0.0	4	0	0	0	0	1	0	0	0	0	0	0	0	0	0	0	1	0	0	0	0	1
sp|Q2NIT8|GLYA_AYWBP	non_effector	429	0.0	0	0.59605	0.00979	0.07498	0	0.0	5	0	0	2	0	0	0	0	0	0	0	0	0	0	0	0	1	0	1	0	0	0
sp|Q2NIX5|KAD_AYWBP	non_effector	217	0.0	0	0.02964	0.02749	0.00357	0	0.0	2	0	0	0	0	0	0	0	0	0	0	0	0	0	0	0	2	0	1	0	0	1
sp|Q2NIY1|RPOA_AYWBP	non_effector	330	0.0	0	0.01373	0.00581	0.01239	0	0.0	8	0	3	0	0	0	0	0	0	0	0	0	0	0	0	0	3	1	0	0	2	2
sp|Q2NIZ6|GPDA_AYWBP	non_effector	338	0.661	1	12.741	12.47074	0.58155	1	0.0	0	1	0	0	0	0	0	0	0	0	0	0	0	0	0	0	0	0	0	0	0	0
sp|Q2NJ06|PNP_AYWBP	non_effector	715	0.0	0	0.17194	0.00923999999999999	0.00385	0	0.0	9	0	2	1	0	1	0	0	0	0	0	0	1	0	0	1	3	0	2	1	1	1
sp|Q2NJ16|RPOC_AYWBP	non_effector	1353	0.0	0	0.14432	0.00017	3e-05	0	0.0	21	0	9	1	0	0	0	0	0	0	0	0	0	0	1	4	5	1	6	3	2	3
sp|Q2NJ30|MIAA_AYWBP	non_effector	291	0.0	0	0.23145	0.00146	0.05138	0	0.0	6	0	1	0	0	0	0	0	0	0	0	0	0	0	0	1	0	0	1	0	0	0
sp|Q2NJ38|G6PI_AYWBP	non_effector	426	0.0	0	5.62432	0.0	0.07204	0	0.0	2	0	2	0	0	2	0	0	0	0	0	0	0	0	2	0	0	0	0	0	2	0
sp|Q2NJ39|ENO_AYWBP	non_effector	430	0.0	0	0.06473	0.0	0.00714	0	0.0	5	1	4	0	0	2	0	0	0	0	0	0	0	0	0	2	3	1	0	1	4	2
sp|Q2NJ40|GPMI_AYWBP	non_effector	512	0.0	0	0.00608999999999999	0.0003	0.00161	0	0.0	10	0	1	0	0	2	0	0	0	0	0	0	1	0	0	0	4	0	2	0	1	2
sp|Q2NJ46|TYSY_AYWBP	non_effector	288	0.0	0	7.65166	0.00852	0.28378	0	0.0	6	0	1	0	0	0	0	0	0	0	0	0	0	0	0	1	2	0	1	1	1	0
sp|Q2NJ60|SYA_AYWBP	non_effector	864	0.0	0	0.01991	0.00018	0.00045	0	0.0	12	0	4	2	0	3	0	0	0	0	0	0	1	1	1	2	4	0	1	2	3	3
sp|Q2NJE3|LON_AYWBP	non_effector	791	0.0	0	0.0313	0.00034	0.00154	0	0.0	9	0	3	0	0	1	0	0	0	0	0	0	1	0	0	3	4	1	4	2	3	1
sp|Q2NJF5|DNLJ_AYWBP	non_effector	671	0.0	0	0.35849	0.0	0.00839	0	0.0	12	2	4	0	0	0	0	0	0	0	0	0	0	0	0	1	3	0	0	3	1	0
sp|Q2NJF6|PLSY_AYWBP	non_effector	231	0.657	6	130.71612	28.2216	0.01466	1	0.0	0	1	0	0	0	0	0	0	0	0	0	0	0	0	0	0	0	0	0	0	0	0
sp|Q2NJG7|SYY_AYWBP	non_effector	413	0.0	0	0.1922	0.08869	0.01511	0	0.0	5	1	4	0	1	2	0	0	0	0	0	0	2	0	0	3	4	1	0	3	4	3
sp|Q2NJM5|TSAD_AYWBP	non_effector	274	0.0	0	3.99349	3.59047	0.13182	0	0.0	5	0	2	1	0	1	0	0	0	0	0	0	0	1	0	2	2	0	1	1	2	1
sp|Q2NJZ2|SYFB_AYWBP	non_effector	828	0.0	0	0.0629300000000003	0.00593	0.0025	0	28.0	17	1	0	2	0	4	0	0	0	1	0	0	1	0	0	0	3	0	1	1	1	1
sp|Q2NK31|POTA_AYWBP	non_effector	417	0.0	0	0.03893	0.00251	0.00403	0	0.0	2	0	0	0	0	2	0	0	0	0	0	0	0	0	0	0	1	0	0	0	1	0
sp|Q6YPM1|DNAK_ONYPE	non_effector	615	0.0	0	0.0448000000000001	0.0095	0.00417	0	49.0	10	1	1	0	0	2	0	0	0	0	0	0	1	0	1	0	4	0	0	0	3	3
sp|Q6YPM2|DNAJ_ONYPE	non_effector	257	0.0	0	0.00561	0.0	0.1329	0	0.0	4	0	1	0	0	0	0	0	0	0	0	0	0	0	0	0	3	0	3	1	0	0
sp|Q6YPW7|RNC_ONYPE	non_effector	238	0.0	0	0.39225	0.00895	0.12005	0	24.0	5	0	1	0	0	1	0	0	0	0	0	0	0	0	0	0	2	1	0	2	1	1
sp|Q6YPW8|PLSX_ONYPE	non_effector	366	0.0	0	0.1177	0.00157	0.01616	0	33.0	4	0	0	0	0	0	0	0	0	0	0	0	0	0	0	0	0	0	0	0	0	0
sp|Q6YPX9|SYFA_ONYPE	non_effector	344	0.0	0	0.00487	4e-05	0.09458	0	0.0	1	0	2	1	0	0	0	0	0	0	0	0	1	0	1	0	2	0	0	0	1	3
sp|Q6YPY6|SYK_ONYPE	non_effector	511	0.0	0	0.01469	0.00011	0.00232	0	0.0	4	0	4	0	0	0	0	0	0	0	0	0	0	0	1	2	1	1	1	0	2	2
sp|Q6YPZ6|TSAD_ONYPE	non_effector	233	0.0	0	1.33896	0.000860000000000001	0.07545	0	0.0	1	0	2	1	0	1	0	0	0	0	0	0	0	1	0	2	1	0	1	0	2	1
sp|Q6YQE1|UVRB_ONYPE	non_effector	670	0.0	0	0.02235	0.01675	0.00104	0	0.0	12	0	3	0	0	2	0	0	0	1	0	0	0	0	0	0	4	0	0	2	2	0
sp|Q6YR34|SYI_ONYPE	non_effector	900	0.0	0	0.37478	0.00025	0.01582	0	0.0	9	0	4	1	0	2	0	0	0	0	0	0	1	0	1	1	3	1	1	3	1	3
sp|Q6YR88|SYD_ONYPE	non_effector	586	0.0	0	0.0258	0.01462	0.01038	0	0.0	8	0	5	0	0	1	0	0	0	0	0	0	0	0	1	3	3	1	1	4	2	1
sp|Q6YRC6|OBG_ONYPE	non_effector	422	0.0	0	0.03583	0.00914	0.00168	0	0.0	6	0	1	0	0	0	0	0	0	0	0	0	0	0	0	0	0	0	0	0	0	0
sp|Q6YRJ6|SYV_ONYPE	non_effector	882	0.0	0	0.03116	0.00386	0.00093	0	0.0	11	0	2	1	0	7	0	0	0	0	0	0	3	0	1	0	5	0	0	1	5	5
sp|Q9KJT8|DNAJ_PEWBP	non_effector	368	0.0	0	2.79688	0.0	0.20301	0	0.0	5	0	1	0	0	1	0	0	0	0	0	0	1	0	0	0	3	0	1	2	0	2
sp|Q8L2S1|GPMI_TOBBP	non_effector	81	0.0	0	0.00600999999999999	0.00514	0.10457	0	0.0	1	0	0	0	0	1	0	0	0	0	0	0	0	0	0	0	1	0	0	0	1	0
sp|B1V8X4|SYN_PHYAS	non_effector	457	0.0	0	0.24914	0.00245	0.01251	0	0.0	4	0	0	0	0	1	0	0	0	0	0	0	0	0	0	0	1	0	0	0	1	0
sp|B1V902|ACP_PHYAS	non_effector	76	0.0	0	5e-05	5e-05	0.29093	0	0.0	1	0	0	0	0	0	0	0	0	0	0	0	0	0	0	0	0	0	0	0	0	0
sp|B1V950|RF1_PHYAS	non_effector	354	0.0	0	0.00333	0.0	0.03207	0	0.0	6	0	3	0	0	2	0	0	0	0	0	0	0	0	1	2	4	0	2	1	1	3
sp|B1VA46|SYH_PHYAS	non_effector	415	0.0	0	0.50734	0.0	0.02147	0	0.0	6	0	2	0	0	0	0	0	0	0	0	0	0	0	0	1	1	1	0	1	2	0
sp|B1VA77|RRF_PHYAS	non_effector	184	0.0	0	0.000780000000000001	0.00038	0.17598	0	0.0	2	0	0	0	0	0	0	0	0	0	0	0	1	0	0	0	1	0	1	0	0	1
sp|B1VA79|EFTS_PHYAS	non_effector	277	0.0	0	0.001	4e-05	0.09002	0	0.0	6	0	2	0	0	1	0	0	0	0	0	0	0	0	2	0	2	1	1	1	2	2
sp|B1VAA9|TRMD_PHYAS	non_effector	244	0.0	0	0.0611100000000001	0.02555	0.01734	0	0.0	2	1	1	0	0	0	0	0	0	0	0	0	0	0	0	0	1	0	0	0	0	1
sp|B1VAH1|PTH_PHYAS	non_effector	189	0.0	0	0.00767999999999999	0.0038	0.10199	0	0.0	2	0	0	0	0	1	0	0	0	0	0	0	0	0	1	0	0	0	0	1	0	0
sp|B1VAH8|YBEY_PHYAS	non_effector	144	0.0	0	0.00262	0.00038	0.53777	0	0.0	1	0	0	0	0	0	0	0	0	0	0	0	0	0	0	0	0	0	0	0	0	0
sp|B1VAJ8|EFP_PHYAS	non_effector	189	0.0	0	0.08364	0.00404	0.23196	0	0.0	3	0	1	0	0	0	0	0	0	0	0	0	0	0	1	0	0	0	0	1	0	0
sp|B1VAM2|EFG_PHYAS	non_effector	688	0.0	0	0.10178	0.00336	0.00085	0	0.0	10	0	6	0	0	0	0	0	0	0	0	0	0	2	0	2	3	0	1	1	1	4
sp|B1VAM6|RPOB_PHYAS	non_effector	1240	0.0	0	0.01507	0.0004	0.0008	0	0.0	14	2	3	0	0	5	0	0	0	0	0	0	0	0	1	1	4	1	2	3	1	2
sp|B1VAN7|RNPA_PHYAS	non_effector	115	0.0	0	12.88789	0.01857	0.87957	0	0.0	1	1	0	0	0	1	0	0	0	0	0	0	0	0	0	0	2	0	2	0	0	0
sp|B1VAN9|SYP_PHYAS	non_effector	474	0.0	0	1.08227	1.07244	0.06784	0	0.0	9	0	2	0	0	1	0	0	0	0	0	0	0	0	0	0	3	1	1	4	0	1
sp|B1VAZ2|KCY_PHYAS	non_effector	224	0.0	0	0.00267	0.00139	0.02896	0	0.0	3	0	1	0	0	1	0	0	0	0	0	0	1	0	0	1	0	0	0	0	1	1
sp|B3QZH0|RPOB_PHYMT	non_effector	1273	0.0	0	0.0694499999999999	0.00056	0.00309	0	0.0	19	1	4	0	0	4	0	0	0	0	0	0	1	1	0	1	9	0	8	2	2	2
sp|B3QZH4|EFG_PHYMT	non_effector	688	0.0	0	0.04459	0.0004	0.00032	0	0.0	10	0	4	1	0	2	0	0	0	0	0	0	0	0	1	1	4	1	1	0	4	2
sp|B3QZH5|EFTU_PHYMT	non_effector	392	0.0	0	0.04427	0.00127	0.01293	0	0.0	7	0	3	1	0	0	0	0	0	0	0	0	0	0	0	2	2	1	2	1	1	1
sp|B3QZK4|HRCA_PHYMT	non_effector	343	0.0	0	0.13447	0.00298	0.02928	0	0.0	9	0	1	0	0	3	0	0	0	0	0	0	0	1	1	0	2	0	1	1	0	2
sp|B3QZM3|PTH_PHYMT	non_effector	176	0.0	0	7.52146000000001	7.49671	0.02313	0	0.0	2	0	0	0	0	1	0	0	0	0	0	0	0	0	1	0	2	0	1	1	1	0
sp|B3QZN3|EFTS_PHYMT	non_effector	279	0.0	0	0.00015	0.0	0.0337	0	0.0	2	1	2	0	0	0	0	0	0	0	0	0	0	0	0	0	1	1	0	1	1	0
sp|B3QZS0|SYH_PHYMT	non_effector	423	0.0	0	0.02996	0.0	0.01594	0	0.0	4	2	0	0	0	0	0	0	0	0	0	0	0	0	0	0	2	0	0	0	2	0
sp|B3QZV1|YBEY_PHYMT	non_effector	148	0.0	0	0.31748	0.31151	0.70092	0	0.0	1	0	1	1	0	1	0	0	0	0	0	0	0	0	0	0	0	1	0	0	0	1
sp|B3QZW6|RBFA_PHYMT	non_effector	114	0.0	0	0.05972	0.04707	0.16602	0	0.0	2	0	0	0	0	0	0	0	0	0	0	0	0	0	0	0	0	0	0	0	0	0
sp|B3R068|RECR_PHYMT	non_effector	206	0.0	0	0.01343	0.00206	0.10651	0	0.0	4	0	2	0	0	1	0	0	0	0	0	0	1	0	0	2	2	0	0	1	4	0
sp|B3R0E5|KCY_PHYMT	non_effector	232	0.0	0	0.03274	0.02951	0.04906	0	0.0	2	0	1	0	0	1	0	0	0	0	0	0	0	0	0	1	0	0	0	0	1	0
sp|B3R0E7|EFP_PHYMT	non_effector	188	0.0	0	0.0944800000000001	0.04318	0.17557	0	0.0	1	0	1	0	0	0	0	0	0	0	0	0	0	0	0	0	1	0	0	0	1	0
sp|B3R0F8|RECA_PHYMT	non_effector	339	0.0	0	0.19318	0.06334	0.31315	0	0.0	3	0	1	0	0	0	0	0	0	0	0	0	0	0	0	1	0	0	1	0	0	0
sp|B3R0I1|SYN_PHYMT	non_effector	465	0.0	0	0.02109	0.00055	0.00115	0	0.0	2	0	1	1	0	2	0	0	0	0	0	0	1	0	0	0	1	0	1	0	0	1
sp|B3R0L6|DNAA_PHYMT	non_effector	455	0.0	0	0.0817	0.0013	0.01977	0	0.0	8	1	2	0	0	2	0	0	0	0	0	0	0	0	1	1	3	1	2	2	2	2
sp|B3R0P2|TRMD_PHYMT	non_effector	243	0.0	0	0.11392	0.00621	0.01817	0	0.0	2	0	0	0	0	2	0	0	0	0	0	0	1	0	0	1	1	0	0	0	0	3
sp|B3R0P8|ACP_PHYMT	non_effector	84	0.0	0	0.0	0.0	0.22495	0	0.0	0	0	0	0	0	0	0	0	0	0	0	0	0	0	0	0	0	0	0	0	0	0
sp|P60554|KGUA_ONYPE	non_effector	212	0.0	0	0.0433700000000001	0.04319	0.05594	0	0.0	5	0	2	0	0	0	0	0	0	0	0	0	0	0	0	0	2	2	1	1	1	1
sp|P61308|RRF_ONYPE	non_effector	184	0.0	0	0.02563	0.01151	0.10847	0	0.0	2	0	0	0	0	0	0	0	0	0	0	0	0	0	0	0	1	0	0	0	0	1
sp|P61337|EFTS_ONYPE	non_effector	274	0.0	0	0.00036	8e-05	0.11016	0	0.0	5	0	2	0	0	1	0	0	0	0	0	0	0	0	0	0	3	1	0	2	1	1
sp|P61692|IF1_ONYPE	non_effector	78	0.0	0	0.00249	0.00249	0.70986	0	0.0	2	0	0	0	0	1	0	0	0	0	0	0	0	0	0	0	0	1	1	0	0	0
sp|Q2NIG9|ACP_AYWBP	non_effector	76	0.0	0	0.00019	8e-05	0.2412	0	0.0	0	0	0	0	0	0	0	0	0	0	0	0	0	0	0	0	0	0	0	0	0	0
sp|Q2NIJ6|TRHO_AYWBP	non_effector	308	0.0	0	0.02912	0.02912	0.07105	0	0.0	3	0	1	0	0	1	0	0	0	0	0	0	0	0	0	1	1	0	0	1	0	1
sp|Q2NIM1|KITH_AYWBP	non_effector	209	0.0	0	0.50991	0.03107	0.11862	0	0.0	3	0	2	0	0	0	0	0	0	0	0	0	0	0	0	1	2	0	3	0	0	0
sp|Q2NIN2|SYH_AYWBP	non_effector	427	0.0	0	0.01445	0.0	0.00858	0	0.0	7	0	0	0	0	0	0	0	0	0	0	0	0	0	0	0	1	0	1	0	0	0
sp|Q2NIN4|TILS_AYWBP	non_effector	436	0.0	0	4.45961000000001	3.83441	0.15849	0	0.0	4	1	0	1	0	2	0	0	0	0	0	0	1	0	0	0	2	0	0	1	1	1
sp|Q2NIQ6|IF2_AYWBP	non_effector	623	0.0	0	0.302000000000001	0.26637	0.01782	0	45.0	11	0	3	0	0	4	0	0	0	0	0	0	1	0	2	1	3	1	3	0	5	1
sp|Q2NIQ9|PTH_AYWBP	non_effector	188	0.0	0	0.00761	0.00211	0.02546	0	0.0	2	0	1	0	0	1	0	0	0	0	0	0	1	0	0	1	0	0	1	1	0	0
sp|Q2NIY4|KTHY_AYWBP	non_effector	207	0.0	0	0.01709	0.00014	0.01353	0	0.0	2	1	0	0	0	0	0	0	0	0	0	0	1	0	0	0	1	0	1	0	1	0
sp|Q2NIZ2|TRUB_AYWBP	non_effector	283	0.0	0	0.672609999999999	0.66916	0.01248	0	0.0	2	0	0	0	0	0	0	0	0	0	0	0	0	0	0	0	1	0	0	0	0	1
sp|Q2NIZ4|KCY_AYWBP	non_effector	223	0.0	0	0.01119	0.00472	0.17006	0	0.0	6	1	2	0	0	0	0	0	0	0	0	0	0	0	0	1	2	0	1	0	1	1
sp|Q2NJ01|SYP_AYWBP	non_effector	474	0.0	0	1.33522	1.31656	0.10394	0	0.0	8	0	2	0	0	1	0	0	0	0	0	0	0	0	0	1	2	1	2	2	0	0
sp|Q2NJ15|RPOB_AYWBP	non_effector	1273	0.0	0	0.0235399999999999	0.00038	0.00087	0	0.0	15	1	6	2	0	3	0	0	0	0	0	0	0	1	0	2	6	1	3	3	2	3
sp|Q2NJ19|EFG_AYWBP	non_effector	688	0.0	0	0.20213	0.00232	0.00065	0	0.0	13	0	5	0	0	0	0	0	0	0	0	0	0	1	0	2	4	0	1	2	1	3
sp|Q2NJ20|EFTU_AYWBP	non_effector	394	0.0	0	0.03351	0.01853	0.0346	0	0.0	8	0	2	0	0	1	0	0	0	0	0	0	0	0	0	1	3	1	2	0	1	2
sp|Q2NJ23|MNMG_AYWBP	non_effector	618	0.0	0	0.1327	0.0985099999999999	0.00641	0	0.0	8	1	1	1	0	3	0	0	0	0	0	0	0	0	0	1	2	0	0	3	1	0
sp|Q2NJ28|RNY_AYWBP	non_effector	528	0.0	1	22.48245	22.48165	0.99597	1	0.0	10	0	5	1	0	1	0	0	0	0	0	0	0	0	0	4	4	0	2	2	2	2
sp|Q2NJ31|EFP_AYWBP	non_effector	189	0.0	0	0.10657	0.03904	0.2325	0	0.0	4	0	1	1	0	0	0	0	0	0	0	0	0	0	0	1	0	0	0	0	0	1
sp|Q2NJ78|UVRC_AYWBP	non_effector	589	0.0	0	0.03964	0.0	0.00133	0	0.0	13	1	4	0	0	1	0	0	0	0	0	0	1	0	1	1	5	0	3	3	1	2
sp|Q2NJG9|TRMD_AYWBP	non_effector	242	0.0	0	0.04622	0.02052	0.01724	0	0.0	3	0	0	0	0	0	0	0	0	0	0	0	0	0	0	0	0	0	0	0	0	0
sp|Q2NK15|YBEY_AYWBP	non_effector	146	0.0	0	0.02022	0.01569	0.39017	0	0.0	1	0	0	0	0	0	0	0	0	0	0	0	0	0	0	0	0	0	0	0	0	0
sp|Q2NK66|GRPE_AYWBP	non_effector	241	0.0	0	0.0	0.0	0.02676	0	51.0	4	0	1	0	0	0	0	0	0	0	0	0	0	0	0	0	3	0	0	2	0	1
sp|Q2NK67|HRCA_AYWBP	non_effector	344	0.0	0	0.18756	0.0739	0.0606	0	0.0	6	0	1	2	0	1	0	0	0	0	0	0	1	0	0	1	2	0	1	3	0	0
sp|Q6YPH3|SYN_ONYPE	non_effector	506	0.0	0	0.17224	0.00036	0.00818	0	0.0	4	0	3	0	0	2	0	0	0	0	0	0	2	0	0	1	3	0	2	1	3	0
sp|Q6YPM0|GRPE_ONYPE	non_effector	247	0.0	0	0.00038	0.0	0.03062	0	49.0	4	0	0	0	0	0	0	0	0	0	0	0	0	0	0	0	2	0	0	1	0	1
sp|Q6YQD4|ACPS_ONYPE	non_effector	127	0.0	0	0.81904	0.00096	0.10673	0	0.0	0	0	1	0	0	0	0	0	0	0	0	0	0	0	0	0	0	1	1	0	0	0
sp|Q6YQX5|RNPA_ONYPE	non_effector	141	0.0	0	1.45445	0.44472	0.05322	0	0.0	2	1	0	0	0	0	0	0	0	0	0	0	0	0	0	0	2	0	1	1	0	0
sp|Q6YR70|SSRP_ONYPE	non_effector	152	0.0	0	0.05564	0.02205	0.68588	0	0.0	5	0	0	0	1	0	0	0	0	0	0	0	0	0	0	0	3	0	0	1	1	1
sp|Q6YR87|TILS_ONYPE	non_effector	436	0.0	0	1.51548	1.24181	0.05735	0	0.0	3	1	0	1	0	1	0	0	0	0	0	0	0	0	0	0	2	0	0	1	0	1
sp|Q6YRK0|RF1_ONYPE	non_effector	351	0.0	0	0.00201	0.0	0.02435	0	0.0	7	1	2	0	0	2	0	0	0	0	0	0	1	0	1	2	2	0	4	1	1	1
sp|Q6YRL3|DNAA_ONYPE	non_effector	507	0.0	0	0.01161	0.00025	0.00926	0	0.0	8	2	2	0	0	0	0	0	0	0	0	0	0	0	0	0	4	1	1	3	1	2
sp|Q8G8D1|REPP_ONYPE	non_effector	377	0.0	0	0.00057	0.0	0.00874	0	0.0	5	0	5	1	0	1	0	0	0	0	0	0	1	0	0	3	3	0	2	2	0	4
sp|Q9KJU0|GRPE_PEWBP	non_effector	264	0.0	0	0.00035	0.0	0.02375	0	24.0	6	0	1	0	0	0	0	0	0	0	0	0	0	0	1	0	2	0	2	0	0	1
sp|B1VAB8|HRCA_PHYAS	non_effector	340	0.0	0	0.28377	0.0002	0.02653	0	0.0	7	0	2	0	0	1	0	0	0	0	0	0	0	0	0	2	2	0	1	1	2	0
